batch_size,max_epochs,learning_rate,neurons,dropout_rate,num_hidden_layers,activation,r2,training_seconds,actual_epochs,num_params,seed,replication,stage
1,12,5.325436308574543e-05,197,0.00017246440216933163,1,0.5,-0.1205989226247095,2.0812283999985084,12,1577,112027,1,initial_shared
1,296,0.011993709537195689,115,9.166504135865113e-05,2,0.5,0.9919526904311337,46.73772689991165,296,14261,112028,1,initial_shared
169,31,0.012557097713410887,221,3.103576493641207e-05,2,0.0,0.9881389918600769,0.4849783999379724,31,50831,112029,1,initial_shared
17,72,1.2073118883213726e-05,9,0.22415597987482588,3,1.0,-0.5384651828732765,1.19513560004998,72,253,112030,1,initial_shared
56,228,0.0011044019333346885,187,0.14022416567555046,3,0.5,0.985718552049005,2.3115228000096977,228,71809,112031,1,initial_shared
34,2,0.0017395768672624687,7,0.015392595735529674,3,0.5,-0.5372076743058383,0.5433809999376535,2,169,112032,1,initial_shared
154,19,0.0323577846739894,282,0.003001709222586718,3,1.0,-0.03600566916688108,0.6296759999822825,19,161869,112033,1,initial_shared
2,49,9.129381509976056e-05,481,2.5086444485789893e-05,3,0.5,0.9012485777303734,13.040875000064261,49,467533,112034,1,initial_shared
25,2,7.955642181325255e-05,406,2.9779068878380373e-05,3,0.5,-0.361676255718157,0.5329053000314161,2,333733,112035,1,initial_shared
29,95,1.0144527909508874e-05,19,0.0004919456093795049,2,0.5,-0.6699728715773721,1.1191492999205366,95,533,112036,1,initial_shared
2,5,0.005761945043638675,20,0.00013159468526502088,1,1.0,0.589636842765779,0.623340200050734,5,161,112037,1,initial_shared
3,222,3.447041758989228e-05,49,0.004377675506894548,3,1.0,0.46820649750960586,12.297270399983972,222,5293,112038,1,initial_shared
2,31,0.0009235817624518835,9,0.07940280544104128,2,1.0,0.4645470971725628,2.510014500003308,31,163,112039,1,initial_shared
9,1,0.000121788571403829,543,0.002323477206050314,1,1.0,-0.521395056672969,0.30832409998402,1,4345,112040,1,initial_shared
32,47,0.005142624587617373,344,0.005615946350266414,3,0.5,0.9874238927005494,1.4448061999864876,47,240113,112041,1,initial_shared
26,1,0.036663893074008136,37,0.05004441313196931,2,1.0,0.19135769313643758,0.3873766000615433,1,1703,112042,1,initial_shared
75,2,0.0004421328541598957,177,0.011293949256043484,2,0.5,-0.45114204202404506,0.4758480000309646,2,32923,112043,1,initial_shared
2,3,0.018262000379982348,50,2.9249029099297672e-05,1,1.0,0.773677269010933,0.6198680000379682,3,401,112044,1,initial_shared
31,4,0.0023665485995251288,80,0.24562741612706548,1,0.0,-0.39673155083368883,0.42742009996436536,4,641,112045,1,initial_shared
128,9,3.6901583620480805e-05,8,6.589632288119108e-05,2,0.5,-0.47063610855625915,0.4249983000336215,9,137,112046,1,initial_shared
9,276,0.0013103178528687204,14,0.019041370119917765,2,0.0,0.9920871258705645,5.482899200054817,276,323,112047,1,initial_shared
33,4,0.004348626475758021,204,0.0008887973657279547,2,0.0,0.8824662353623282,0.3999674000078812,4,43453,112048,1,initial_shared
236,29,0.03294061362613595,90,1.5727650981464464e-05,2,0.5,-0.03882924072342875,0.45771449990570545,29,8911,112049,1,initial_shared
6,28,0.03384445421828075,9,0.006875011050803487,1,1.0,0.980739984967939,0.8976107001071796,28,73,112050,1,initial_shared
8,5,0.008647827288558693,475,0.036103121923176974,3,0.5,-0.05099596843934617,0.834459799923934,5,456001,112051,1,initial_shared
3,3,7.329463964975876e-05,3,0.05756443087428939,2,0.0,-0.6190856950029089,0.4929520000005141,3,37,112052,1,initial_shared
2,19,0.00019384047160026882,258,0.0021317826083243263,1,0.5,0.18878029806255803,1.7872067999560386,19,2065,112053,1,initial_shared
5,35,0.00020805680875211774,54,0.00032610690357198926,2,0.5,-0.024064760669688656,1.644047599984333,35,3403,112054,1,initial_shared
12,7,0.04846800890900918,49,0.002476477492687085,3,1.0,0.8610024893995358,0.6698560001095757,7,5293,112055,1,initial_shared
151,47,0.08323245382755365,17,0.004598590724137473,1,1.0,0.9239575703752685,0.4149019999895245,47,137,112056,1,initial_shared
29,374,3.478086757851719e-05,176,0.008873553631442724,2,0.0,0.8015177513052097,3.982087300042622,374,32561,112057,1,initial_shared
5,95,0.006129961289613608,49,0.6473901043627872,1,0.5,0.9772901715862734,3.5531454998999834,95,393,112058,1,initial_shared
78,57,0.01002718886856907,8,0.0013223981195166015,2,1.0,0.48478671911811444,0.6524388999678195,57,137,112059,1,initial_shared
57,4,4.9656738024763787e-05,46,0.18779031301082016,2,0.5,-0.5393282555227961,0.3971218999940902,4,2531,112060,1,initial_shared
1,26,0.04111685281868171,43,1.688136964369847e-05,2,1.0,0.9157885510854162,4.3634065999649465,26,2237,112061,1,initial_shared
12,124,0.0001131575721240465,8,0.1172496626618194,3,1.0,-0.197801924058995,2.3506569999735802,124,209,112062,1,initial_shared
206,46,1.558833771254713e-05,600,0.1408440505439624,1,1.0,-0.5386575026087801,0.5334518000017852,46,4801,112063,1,initial_shared
12,121,2.2322810014166758e-05,34,0.0054402430301250535,3,0.0,-0.29893229301081403,2.4460187000222504,121,2653,112064,1,initial_shared
14,27,0.0038219370993495486,7,3.4981744179597884e-05,3,0.0,0.940981631978817,1.1224238999420777,27,169,112065,1,initial_shared
80,2,0.010155443207888885,6,0.03656553030448467,2,0.5,-0.5366036350143393,0.36431490001268685,2,91,112066,1,initial_shared
3,9,0.00021263809515186967,20,0.008021361612752612,3,0.5,-0.35325253958276925,0.8892269999487326,9,1001,112067,1,initial_shared
199,3,0.0023644076190316703,3,0.0005572666653444509,3,1.0,-0.5670843867870907,0.44948670000303537,3,49,112068,1,initial_shared
14,174,9.375723203084116e-05,188,0.6812537175758154,3,1.0,0.5088988501652791,3.489312499994412,174,72569,112069,1,initial_shared
5,18,0.001536001981200987,425,0.05742429035507129,1,0.5,0.6770508108163416,0.8132570000598207,18,3401,112070,1,initial_shared
45,65,1.61241447413073e-05,17,0.08137119216343533,3,1.0,-0.5572100827052275,0.7575799999758601,65,749,112071,1,initial_shared
2,71,4.395365198974934e-05,5,0.08117680286992647,2,0.5,-0.5553710922552242,4.840307200094685,71,71,112072,1,initial_shared
15,2,0.024891411479764924,563,0.04911438536786146,1,0.0,0.9024883288512516,0.31622450007125735,2,4505,112073,1,initial_shared
131,81,0.003645753220735489,297,0.0010751951046458188,1,0.5,0.6155164283191727,0.5210082000121474,81,2377,112074,1,initial_shared
43,80,0.020220354907053654,290,0.016923609027051176,2,0.0,0.9969387990675019,1.051431900006719,80,86711,112075,1,initial_shared
54,46,1.1436367714395434e-05,13,4.677263555956297e-05,3,0.0,-0.5830730444408274,0.6525838000234216,46,469,112076,1,initial_shared
64,150,0.00364814175719757,487,0.0005493509442259646,1,0.5,0.7713349606593933,0.9471288999775425,150,3897,112077,1,initial_shared
201,1,5.073431739951735e-05,261,0.00015083840748907865,3,1.0,-0.565615885605395,0.4237622000509873,1,138853,112078,1,initial_shared
32,2,0.0007584255262090611,89,0.0036910816908563107,3,0.0,-0.486068113605036,0.43522220000158995,2,16733,112079,1,initial_shared
192,356,0.0011559382232283646,42,0.23629404248839792,3,1.0,0.8611635489850538,1.3433090999023989,356,3949,112080,1,initial_shared
8,3,0.00010467965967214425,4,0.4428218658452287,2,1.0,-0.5844673236452465,0.4255770000163466,3,53,112081,1,initial_shared
8,2,0.015677149230322554,35,0.2655318431219078,3,1.0,0.35910723453673066,0.4739207999082282,2,2801,112082,1,initial_shared
8,1,0.04066362581841939,94,0.016311914227140786,2,0.5,-0.027648819311711037,0.3724244999466464,1,9683,112083,1,initial_shared
5,7,0.0012158782204277371,160,3.179978578344154e-05,1,0.5,0.19092885578695318,0.5060032999608666,7,1281,112084,1,initial_shared
8,1,0.02357595915652592,23,0.0015320121901795166,3,1.0,0.14930424885230764,0.6428360999561846,1,1289,112085,1,initial_shared
3,277,0.03737054803050933,9,4.4819833006419e-05,2,1.0,0.9462940850815044,12.367942800046876,277,163,112086,1,initial_shared
45,60,0.00010548591425371707,103,0.040440513066456185,1,0.5,-0.3620709025503497,0.5489327000686899,60,825,112087,1,initial_shared
124,220,0.0021321020399374174,86,0.17103236427631371,2,0.5,0.8988781538639539,0.9650868999306113,220,8171,112088,1,initial_shared
41,39,0.0007711813738230277,6,5.163328132387358e-05,3,1.0,-0.3247697332091686,0.6127601999323815,39,133,112089,1,initial_shared
2,143,0.021059227903217598,100,0.001354222720988539,3,0.0,0.96326436461741,12.400800599949434,143,21001,112090,1,initial_shared
1,15,6.294032032766972e-05,27,0.00013685784920157464,3,0.5,-0.32531521458690005,2.4997040999587625,15,1729,112091,1,initial_shared
116,128,0.0023712563387537256,7,2.562722757015553e-05,1,0.5,-0.37978738381687616,0.6482527999905869,128,57,112092,1,initial_shared
11,8,0.0021168679748999014,24,5.147597859473215e-05,1,0.5,-0.16347005306622764,0.5197633999632671,8,193,112093,1,initial_shared
3,162,0.00010746724686170201,81,0.004644237762875652,1,1.0,0.5965907769003367,7.104820400010794,162,649,112094,1,initial_shared
101,36,0.011959196653339813,330,7.990953910786974e-05,2,0.5,0.463707042967307,0.6120209000073373,36,111871,112095,1,initial_shared
149,58,0.02506527212107792,363,0.0004578138875644875,1,0.5,0.8214497614719098,0.4547955000307411,58,2905,112096,1,initial_shared
3,3,0.012602857891085633,102,0.0018339029306872247,1,0.5,0.7126833366275181,0.40528190007898957,3,817,112097,1,initial_shared
3,88,0.0008572366486255051,35,0.04591968793668133,3,1.0,0.9908502899150425,4.7126027001068,88,2801,112098,1,initial_shared
55,1,0.0008260952529773925,15,2.1700517275071903e-05,1,0.5,-0.4000887101852666,0.30825669993646443,1,121,112099,1,initial_shared
130,126,1.9070272513511565e-05,32,0.3922684924968131,1,0.0,-0.5469938168288144,0.5230405000038445,126,257,112100,1,initial_shared
13,1,9.028661265497272e-05,162,0.003295383394555721,3,1.0,-0.5245526463536574,0.4499061999376863,1,54109,112101,1,initial_shared
3,83,1.3147271175090132e-05,298,0.0004756925694287857,3,1.0,0.5111308028312411,8.306735399994068,83,180589,112102,1,initial_shared
53,54,2.7735749839290277e-05,36,3.2204066522022095e-05,1,1.0,-0.5530824879847576,0.4833580000558868,54,289,112103,1,initial_shared
165,63,0.0005617233288620458,399,0.15240011116191898,1,1.0,0.08190420533031162,0.48406409996096045,63,3193,112104,1,initial_shared
80,1,0.00026392910304082233,114,0.0005508076052655027,2,0.0,-0.5592695669477521,0.3433641999727115,1,14023,112105,1,initial_shared
202,108,2.9640021556343808e-05,144,0.0032082513024448943,1,1.0,-0.5485255597046543,0.530020899954252,108,1153,112106,1,initial_shared
2,50,0.014045443242829485,147,0.02180240872215083,2,0.0,0.9801036653883819,4.050590900005773,50,22933,112107,1,initial_shared
1,7,0.0014516728316073292,5,0.000301508000143892,3,0.0,0.908242553136521,1.3954582000151277,7,101,112108,1,initial_shared
10,109,0.00041271974351067423,5,0.6711842997701748,3,0.0,-0.48596171768737717,2.1887093000113964,109,101,112109,1,initial_shared
88,182,0.0005794760143147663,193,4.619060925264151e-05,1,1.0,0.6250626206982473,0.8370999000035226,182,1545,112110,1,initial_shared
4,3,0.0019023326592360736,94,1.977362482067327e-05,3,0.5,-0.0039298927446864695,0.8331579000223428,3,18613,112111,1,initial_shared
1,58,1.7146937591644312e-05,160,0.0011238710383805121,2,0.0,0.6761358280125449,9.191998600028455,58,27041,112112,1,initial_shared
1,221,0.038912824869563226,37,0.00018989159858641663,1,0.0,0.9826872520087636,29.089571799966507,221,297,112113,1,initial_shared
43,2,0.001005688477336333,561,0.020508782918781717,3,0.0,0.3962714236082666,0.46892390004359186,2,635053,112114,1,initial_shared
52,388,0.00010645627735783403,5,0.0015178377019135594,1,1.0,-0.4871971689014776,1.4882359000621364,388,41,112115,1,initial_shared
17,23,1.6917584569997806e-05,7,0.056692611172210874,1,0.0,-0.6109398634122654,0.4788164999336004,23,57,112116,1,initial_shared
2,207,0.00041203685343201257,3,2.6241927790428477e-05,3,0.5,0.3497226462932953,14.360546399955638,207,49,112117,1,initial_shared
19,4,0.005780937053402434,431,0.6850606794630903,3,0.5,-0.020920330316809288,0.5749185999156907,4,375833,112118,1,initial_shared
1,33,0.0011991472755404744,378,0.0560806912389482,3,0.5,0.9874906065591266,14.29771009995602,33,289549,112119,1,initial_shared
163,5,2.8705145668732035e-05,22,0.023025206462095833,3,0.5,-0.5734415067804175,0.4454656000016257,5,1189,112120,1,initial_shared
3,1,0.006329766794002156,17,1.0340273661229509e-05,2,0.5,-0.18041217584764735,0.42560870002489537,1,443,112121,1,initial_shared
124,300,0.05977782434474677,9,0.0005723314270434777,1,1.0,0.9943328612899179,0.7932917000725865,300,73,112122,1,initial_shared
114,8,0.0001259379876564429,378,0.0825468237714463,3,0.5,-0.25419535204479615,0.5374073999701068,8,289549,112123,1,initial_shared
39,279,2.44321154346975e-05,6,0.013803683533554273,1,0.5,-0.51304665844352,1.6025874000042677,279,49,112124,1,initial_shared
3,48,1.1286470695808854e-05,24,0.27698552150170863,3,0.0,-0.5317121592156748,2.933866399922408,48,1393,112125,1,initial_shared
183,2,0.023039034909320272,13,0.010450479427789571,1,1.0,-0.4711128475214412,0.3054717000341043,2,105,112126,1,initial_shared
2,375,0.0017166795247058793,52,0.005833521637420475,2,1.0,0.9877868715951345,25.456417899928056,375,3173,122027,1,guided_extension
14,138,0.058474231412163076,4,0.1263427602463018,1,0.0,0.9572291451420799,1.5894905000459403,138,33,122028,1,guided_extension
60,61,0.0029491780060235005,57,0.13770252924598805,1,1.0,0.5452679485226528,0.5048884999705479,61,457,122029,1,guided_extension
16,189,0.0007707658440963431,11,0.07597203466784508,3,0.5,0.29221354573303293,2.4839782000053674,189,353,122030,1,guided_extension
4,133,0.004390682021323242,6,0.00790422419068585,3,0.5,0.992724207613854,5.037492800038308,133,133,122031,1,guided_extension
5,119,0.0008871801197094383,7,0.08268239047882968,1,0.0,0.8363403242766136,3.5506061000050977,119,57,122032,1,guided_extension
2,169,0.0004545661690017758,198,0.03719151854515766,2,0.5,0.9939542782412116,13.990826099994592,169,40987,122033,1,guided_extension
22,115,0.0008002580905415161,4,0.08856486263856084,3,0.5,-0.21208758819122986,1.348853399977088,115,73,122034,1,guided_extension
19,278,0.024497190304606026,17,0.003624833785938882,3,1.0,0.9943829057475153,3.0762762000085786,278,749,122035,1,guided_extension
3,89,0.010836763164221535,70,0.06673425102517229,3,0.5,0.9820581491267789,5.053073299932294,89,10501,122036,1,guided_extension
15,187,0.00603593795143972,76,0.06082887387123357,1,0.0,0.9917174483314634,2.2212338000535965,187,609,122037,1,guided_extension
32,86,0.00047914315300410815,33,0.018314584810299198,2,0.0,0.8453316019628572,0.8517082000616938,86,1387,122038,1,guided_extension
6,296,0.021507988928320808,114,0.08654448499979203,3,1.0,0.9644095180497099,9.019972699927166,296,27133,122039,1,guided_extension
72,147,0.0036092555774443536,116,0.051613411914859915,3,0.5,0.988971070868455,1.1966474000364542,147,28073,122040,1,guided_extension
9,77,0.0014399746468948635,7,0.004664150302568785,2,1.0,0.5470836655778375,1.6820384999737144,77,113,122041,1,guided_extension
4,293,0.0020660692147270944,3,0.024271728063006627,3,0.0,0.9713874289165901,11.150458700023592,293,49,122042,1,guided_extension
4,330,0.005072720029387153,334,0.011551288827307772,1,1.0,0.996493390685633,12.181746699963696,330,2673,122043,1,guided_extension
10,69,0.00437699347549595,4,0.03755349291160515,1,0.5,0.5952035766746706,1.357098300009966,69,33,122044,1,guided_extension
11,204,0.0024834462151674193,139,0.08635428488917664,2,1.0,0.9954906536437502,3.707744700019248,204,20573,122045,1,guided_extension
2,247,0.011801246203041606,329,0.0042869481968525695,3,0.0,0.9618064799215797,43.085143300006166,247,219773,122046,1,guided_extension
43,7,0.002207707604562221,372,0.00045490390299188254,2,0.5,-0.03850731213769398,0.48953789996448904,7,141733,132027,1,broad_extension
10,288,5.613039807843388e-05,68,0.03436687351266443,2,0.5,0.04436652549919762,5.142812000005506,288,5237,132028,1,broad_extension
135,49,0.0015029803258444522,74,0.0002417327679924805,3,0.5,-0.049517646996387166,0.6326250999700278,49,11693,132029,1,broad_extension
68,4,0.013426446819817556,40,0.04160894113685225,1,0.5,-0.12631570604244646,0.3047762999776751,4,321,132030,1,broad_extension
4,9,4.0593537511560925e-05,42,0.06787508404801924,3,1.0,-0.4710930353803009,0.8426152999745682,9,3949,132031,1,broad_extension
6,240,9.851398912730175e-05,10,0.038608146927456795,2,0.0,0.7198660651592916,5.689471999998204,240,191,132032,1,broad_extension
7,2,0.010445719391243962,6,0.3567271433049101,3,0.5,-0.27213190618722805,0.478139300015755,2,133,132033,1,broad_extension
1,95,0.0019950992417398466,544,0.02624318866979338,2,1.0,0.9695963670836008,46.56751039996743,95,300833,132034,1,broad_extension
12,3,3.141587208129006e-05,3,0.0031157923641841447,1,1.0,-0.5435042667450953,0.3424427999416366,3,25,132035,1,broad_extension
46,5,0.00010203903351702352,148,1.9699002321641816e-05,3,0.0,-0.5311372169941515,0.48830359999556094,5,45289,132036,1,broad_extension
1,11,0.06844487240998445,244,0.008220889726434508,3,0.0,-0.15647708586798115,2.6766474000178277,11,121513,132037,1,broad_extension
14,229,0.00010905105233561185,4,1.682101864148661e-05,3,1.0,-0.2282295624961721,3.104018099955283,229,73,132038,1,broad_extension
116,4,8.03994428805856e-05,12,0.10370126139058851,3,0.5,-0.4812882316952021,0.4408566999481991,4,409,132039,1,broad_extension
95,2,0.05389024696249065,217,0.0016966127550352556,2,0.0,0.8860416076712649,0.3625981999794021,2,49043,132040,1,broad_extension
3,11,0.030633429920975532,91,0.0001687858046155297,3,1.0,0.7367385608788939,1.0244409999577329,11,17473,132041,1,broad_extension
2,3,0.00010000011927314353,85,2.1889204826638865e-05,3,0.5,-0.3497912754717196,0.7802547999890521,3,15301,132042,1,broad_extension
10,42,0.0038029317306505404,52,0.110634759136205,3,0.5,0.965559170017333,1.2545888000167906,42,5929,132043,1,broad_extension
182,7,0.0027351313468767366,57,0.00010375482361626019,3,1.0,-0.04509086722581768,0.44736729993019253,7,7069,132044,1,broad_extension
39,4,0.0009707920810900399,9,0.0050668384302585325,2,0.5,-0.64439756339623,0.3834354999708012,4,163,132045,1,broad_extension
207,2,0.0017411054029536895,34,5.726258349163568e-05,3,1.0,-0.5411224117216578,0.41778460005298257,2,2653,132046,1,broad_extension
68,3,0.013237283603732103,185,0.001652737265504439,3,0.5,-0.062060673364847885,0.4470838999841362,3,70301,212027,2,initial_shared
5,15,0.006853798943007948,52,0.0005159767690251604,1,0.0,0.9445242475976269,0.7507221999112517,15,417,212028,2,initial_shared
16,115,3.7404639727973194e-05,4,0.16895495521275977,2,0.5,-0.42621653300935436,1.5850920000812039,115,53,212029,2,initial_shared
45,1,9.437752664857128e-05,12,4.535015598874037e-05,3,0.0,-0.7242198229015684,0.935386799974367,1,409,212030,2,initial_shared
14,28,2.202679211526167e-05,5,0.0033256888840190227,2,0.5,-0.6553870532996933,0.8743435000069439,28,71,212031,2,initial_shared
61,2,1.925198517332093e-05,5,0.002028477689867423,3,0.0,-0.5589365011774132,0.46993580006528646,2,101,212032,2,initial_shared
42,170,0.05082296880203276,177,0.21152827727419912,2,0.0,0.9377095331109194,1.6644646999193355,170,32923,212033,2,initial_shared
101,14,0.0004981962461616389,75,0.03876392929221743,1,1.0,-0.48961997455759,0.3274536000099033,14,601,212034,2,initial_shared
2,19,0.03119184673110707,95,0.2988606056555053,2,0.5,0.9509276848293121,1.7500552999554202,19,9881,212035,2,initial_shared
85,322,2.1817624240778353e-05,18,4.9664635196863414e-05,2,1.0,-0.5775908947155166,1.1673775999806821,322,487,212036,2,initial_shared
35,1,0.00023904979943412946,17,0.003201286768769875,1,0.5,-0.6112612203817844,0.29673850000835955,1,137,212037,2,initial_shared
3,8,0.017950610240454676,49,0.0036314722899834615,1,1.0,0.9215295729435551,0.6201206999830902,8,393,212038,2,initial_shared
37,197,0.017462608607746354,55,7.867708077182177e-05,2,0.5,0.9974394012324491,1.4208581999409944,197,3521,212039,2,initial_shared
12,7,0.06927584824247161,7,0.00025914441392703983,3,0.0,0.9609560575666999,0.5521714999340475,7,169,212040,2,initial_shared
18,46,0.0005034037256588548,18,5.03151074198277e-05,2,0.0,0.7048246755699727,0.8771366999717429,46,487,212041,2,initial_shared
2,244,0.030827236231020145,22,6.0438486090756906e-05,3,1.0,0.8120923939144933,18.250147200073116,244,1189,212042,2,initial_shared
36,2,0.010137577870612884,19,0.002044897721114053,3,1.0,0.036407344295321,0.4466219999594614,2,913,212043,2,initial_shared
2,2,0.011677971362260342,8,0.0005183220205874822,3,0.0,0.818529936178365,0.5646188999526203,2,209,212044,2,initial_shared
164,382,1.273972060945414e-05,16,0.00011668227869229409,1,0.0,-0.6128577812519804,0.9494315000483766,382,129,212045,2,initial_shared
43,1,0.00027907418000050574,43,0.0001210902636034022,1,1.0,-0.5748861046450808,0.29297239996958524,1,345,212046,2,initial_shared
16,2,0.003697197454705206,5,0.0011541182898101461,1,0.0,-0.6703729764072095,0.3065039000939578,2,41,212047,2,initial_shared
130,32,0.00010756117576088888,33,0.005978064171012017,2,1.0,-0.49491858834316105,0.44680889998562634,32,1387,212048,2,initial_shared
71,165,0.00015600379772781332,112,0.0006997614833378635,1,0.5,-0.07889511020335949,0.8408052999293432,165,897,212049,2,initial_shared
244,21,0.010127148327620685,5,0.005100024951843753,2,1.0,-0.23036256628162666,0.4254353999858722,21,71,212050,2,initial_shared
3,359,1.3222369924345542e-05,83,0.0006274694232276911,1,0.5,0.16387297059207384,16.091429900028743,359,665,212051,2,initial_shared
162,12,0.007062384880919949,34,0.00016756491798705674,2,0.5,-0.18647318052609907,0.37821350002195686,12,1463,212052,2,initial_shared
7,77,0.0009127944523364504,52,1.7839616610849683e-05,1,1.0,0.7134489242860387,1.894293999997899,77,417,212053,2,initial_shared
170,12,0.00014133871350797552,5,0.0007939541106093269,2,1.0,-0.5808491148122834,0.3872032000217587,12,71,212054,2,initial_shared
3,177,0.004451931997641867,4,0.0003014939703206873,2,1.0,0.9791717660366003,8.140294299926609,177,53,212055,2,initial_shared
2,161,0.006258199055183302,5,0.20051881500101196,3,0.5,0.9597876379873131,11.868302299990319,161,101,212056,2,initial_shared
9,2,0.0008475679833668437,144,1.794818777695174e-05,2,0.5,-0.02733521181010623,0.4016101999441162,2,22033,212057,2,initial_shared
22,17,0.00012853339770958313,11,5.491716651256837e-05,2,1.0,-0.46344412748089026,0.5267363999737427,17,221,212058,2,initial_shared
5,338,2.613756474837285e-05,487,0.00010869973874154942,2,0.0,0.9555461441545761,33.485490999999456,338,241553,212059,2,initial_shared
3,327,0.00019836800469885966,443,0.0027664929307825914,1,1.0,0.6402257700182845,15.295107700047083,327,3545,212060,2,initial_shared
14,2,0.00105361292077713,11,2.287326614083236e-05,3,0.0,-0.528822051998,0.5168652000138536,2,353,212061,2,initial_shared
114,47,0.001323381707137174,44,0.10274062203859982,1,1.0,-0.030390430495909726,0.42752249992918223,47,353,212062,2,initial_shared
5,6,1.919822044641685e-05,7,0.0041105856505771095,1,0.0,-0.754528967992127,0.46482869994360954,6,57,212063,2,initial_shared
70,1,1.2063590681251791e-05,443,0.07021085880719086,2,0.5,-0.5385918703042978,0.3611951000057161,1,200237,212064,2,initial_shared
82,31,1.4857880862164856e-05,3,0.02557353121413692,3,0.5,-0.5513453378992401,0.5066398000344634,31,49,212065,2,initial_shared
30,3,0.005593837527699779,277,0.024756938936762913,3,1.0,0.5468859940766995,0.47088289994280785,3,156229,212066,2,initial_shared
2,231,1.091922490240113e-05,115,2.5461759963846348e-05,3,1.0,0.5769091576648677,19.626371600083075,231,27601,212067,2,initial_shared
26,328,7.093201076469493e-05,51,0.018210738358803845,1,0.5,-0.023737883712126928,2.2499019999522716,328,409,212068,2,initial_shared
80,29,1.2610574259264023e-05,43,0.15448121427725156,2,0.5,-0.45002984328942164,0.4849339999491349,29,2237,212069,2,initial_shared
13,50,0.02174386433603921,9,1.4991175188530414e-05,2,0.5,0.9905686793524635,1.387769200024195,50,163,212070,2,initial_shared
29,102,1.451691197563969e-05,7,0.020388076498425275,1,0.0,-0.5202058939735195,0.8465788000030443,102,57,212071,2,initial_shared
10,347,3.5620050164847016e-05,3,0.0031699213295936957,3,0.0,-0.5357237992769901,5.64680300001055,347,49,212072,2,initial_shared
2,2,4.912299690079496e-05,23,0.003715816264331842,1,1.0,-0.500013811994861,0.39478249999228865,2,185,212073,2,initial_shared
156,108,0.012038299915940999,21,0.1793278610455782,1,0.5,0.8132476005358031,0.47576900001149625,108,169,212074,2,initial_shared
7,2,0.02408949862227859,12,4.2759802705787976e-05,1,1.0,0.47687720930797994,0.33436119998805225,2,97,212075,2,initial_shared
118,35,0.0002897743999818114,366,0.0063453487708957715,3,0.5,-0.02413413499104955,0.8112128999782726,35,271573,212076,2,initial_shared
15,265,0.00045888695996723096,119,0.0004314852184586787,1,0.0,0.9250188449029253,2.9512405999703333,265,953,212077,2,initial_shared
13,17,0.02685418064417317,19,0.01794968266200081,2,0.5,0.8807158032010338,0.5899730999954045,17,533,212078,2,initial_shared
6,3,0.0989695584037192,9,0.0006898903329210668,3,1.0,0.6892281274443346,0.4893651999300346,3,253,212079,2,initial_shared
34,114,1.2823938135138596e-05,4,0.0029086889202227,3,0.5,-0.647982806921064,1.0446408999850973,114,73,212080,2,initial_shared
82,30,0.011337853625483946,77,0.006425641791250039,3,1.0,0.7228645964445661,0.5028388000791892,30,12629,212081,2,initial_shared
95,2,0.00012188655109014104,6,0.00886959275982905,3,0.0,-0.5302292652217964,0.4195678000105545,2,133,212082,2,initial_shared
10,2,1.2856915281839147e-05,103,0.004409395609183879,1,1.0,-0.5746095690124153,0.3177404999732971,2,825,212083,2,initial_shared
60,30,0.018421548205649924,121,0.3630021819715753,2,1.0,0.9351507122561812,0.5245079000014812,30,15731,212084,2,initial_shared
17,1,0.0013035974229728138,96,0.10615773099621344,2,0.0,-0.37647263908386575,0.3507069000042975,1,10081,212085,2,initial_shared
5,31,0.0895496171350105,145,0.0012432267541194176,1,0.5,0.9550277690439828,1.1675782001111656,31,1161,212086,2,initial_shared
17,13,8.191416479157031e-05,40,0.015461678673620225,3,0.0,-0.5063700115888239,0.5701504000462592,13,3601,212087,2,initial_shared
129,125,0.010505588203882652,211,0.015697808810958624,2,0.0,0.9898730412967943,0.7937048999592662,125,46421,212088,2,initial_shared
8,4,0.014668375979049669,36,0.0001518763791178491,2,0.5,0.7642191499510784,0.4419943999964744,4,1621,212089,2,initial_shared
85,3,5.3067958312766644e-05,13,0.004520543404181318,3,1.0,-0.5847747688443936,0.4237569000106305,3,469,212090,2,initial_shared
154,45,0.09725479050576961,19,0.5249814057812918,1,0.5,0.9822027225569231,0.388471300015226,45,153,212091,2,initial_shared
15,15,0.0015448752188314966,27,0.1062182500874814,3,1.0,0.42202460209735726,0.6469559000106528,15,1729,212092,2,initial_shared
16,30,0.06468687185933762,36,0.00027983191803929923,1,0.5,0.9824398470076292,0.5637535999994725,30,289,212093,2,initial_shared
2,4,0.01112899146915552,6,0.08397454337733089,2,0.0,0.8897740528634683,0.6272905999794602,4,91,212094,2,initial_shared
69,9,0.009596603157265932,114,0.00023605446918626804,1,0.0,0.6034668957788756,0.3250227998942137,9,913,212095,2,initial_shared
71,1,0.00015087853237948795,50,0.01813163156789511,3,0.0,-0.5994709390807809,0.5148920000065118,1,5501,212096,2,initial_shared
6,107,0.008948782549569753,102,1.2926944989358386e-05,2,0.5,0.9926951211690632,3.0825637999223545,107,11323,212097,2,initial_shared
20,4,0.00034013628580381014,5,0.022028424953737535,1,0.5,-0.48473852629433867,0.32367499999236315,4,41,212098,2,initial_shared
53,329,0.05131566367707617,5,9.782252044308927e-05,3,0.0,0.9968094007754579,1.714401200064458,329,101,212099,2,initial_shared
5,2,0.0037382202334969535,43,0.00047519523309366756,3,0.0,0.8967348814500625,0.5233327999012545,2,4129,212100,2,initial_shared
49,162,0.0015734808073999196,119,0.0002715852880825824,1,0.5,0.7287260839876624,0.9883181999903172,162,953,212101,2,initial_shared
62,394,0.00018810603935978334,79,0.00013811361886889586,3,0.0,0.96159303886465,2.191761300084181,394,13273,212102,2,initial_shared
16,131,0.0016236342609042141,403,0.000523472693042138,3,0.5,0.9919857697451444,5.148472400032915,131,328849,212103,2,initial_shared
9,15,0.06291315366103835,4,6.947161394781403e-05,3,1.0,0.960855982158848,0.7002513000043109,15,73,212104,2,initial_shared
10,196,0.0012862542133669156,208,0.22078124449486303,1,0.0,0.9896398870402491,3.1916983999544755,196,1665,212105,2,initial_shared
11,7,0.00020623901604709685,21,0.0016377152759742973,1,1.0,-0.5421811758161776,0.38322870002593845,7,169,212106,2,initial_shared
75,72,0.02474567808000133,30,0.03056430586171964,1,1.0,0.9790480371526641,0.49883410008624196,72,241,212107,2,initial_shared
14,266,0.005780810503336401,85,0.004169350909774459,2,0.0,0.9948915881432138,3.6986131999874488,266,7991,212108,2,initial_shared
2,3,0.00835124217617297,11,0.0473666847638966,2,0.5,0.44802465668495195,0.5525249000638723,3,221,212109,2,initial_shared
39,5,5.877372970421399e-05,12,0.008043701913309841,2,1.0,-0.5665549488204638,0.3928677999647334,5,253,212110,2,initial_shared
9,9,0.000207641364084837,106,0.0005445102562824696,1,0.0,-0.449939624473761,0.43830469995737076,9,849,212111,2,initial_shared
2,31,0.009339525403115254,4,4.621575542172931e-05,2,0.0,0.9880610904609288,2.3355101998895407,31,53,212112,2,initial_shared
2,45,2.816424462560685e-05,60,2.807902890338559e-05,3,0.5,-0.11142999486276928,3.8264717999845743,45,7801,212113,2,initial_shared
3,32,0.03130083645969657,16,0.22459408272622225,1,0.0,0.9514935796901217,1.6649893999565393,32,129,212114,2,initial_shared
48,3,2.8305778040477115e-05,156,0.0010859696759541529,3,1.0,-0.5552544942833215,0.5941331000067294,3,50233,212115,2,initial_shared
6,32,0.0005300470127169313,71,0.002945771986054288,2,1.0,0.6708354661072752,1.4057969000423327,32,5681,212116,2,initial_shared
2,17,0.00019027415843833175,77,0.007948302202147883,1,1.0,0.3630260165562692,1.3521773000247777,17,617,212117,2,initial_shared
27,1,0.002678516202925351,165,0.0014538322364583411,1,0.5,-0.2724804633780402,0.28316579991951585,1,1321,212118,2,initial_shared
1,3,0.001893437500994697,9,0.09745417685202605,1,1.0,0.06607926151149435,0.6318223999114707,3,73,212119,2,initial_shared
74,5,0.0011619415256100302,7,0.010473109041534923,1,0.5,-0.49889639682790454,0.29878469998948276,5,57,212120,2,initial_shared
3,2,0.02001153065799463,113,0.13584998021074035,3,1.0,0.7464479675660087,0.51749270001892,2,26669,212121,2,initial_shared
1,34,0.0002775253157202106,31,1.5345585090940954e-05,2,0.5,0.5147369531814561,4.775994300027378,34,1241,212122,2,initial_shared
1,368,0.049495558272281276,412,0.009904413533983676,3,0.5,-0.008001711350528629,170.79144940001424,368,343609,212123,2,initial_shared
13,3,1.0875344040623988e-05,74,0.003347063009041271,2,1.0,-0.562778339303178,0.4022541999584064,3,6143,212124,2,initial_shared
6,10,0.001087521878014474,3,0.021257102843007795,2,0.5,-0.5787720857862779,0.5775176999159157,10,37,212125,2,initial_shared
94,1,0.00014955247704453593,407,0.027870551875182958,2,0.5,-0.4108544600092625,0.3565685000503436,1,169313,212126,2,initial_shared
21,342,0.00223609629681251,73,0.0007206583798063037,3,0.5,0.9925076798746005,4.062023899983615,342,11389,222027,2,guided_extension
2,334,0.0010796511210826342,47,1.8388608285079954e-05,2,0.5,0.9969776381555852,26.3913708999753,334,2633,222028,2,guided_extension
127,251,0.006326168111399584,16,2.5476605123798083e-05,2,0.0,0.9891747711167479,0.9685600000666454,251,401,222029,2,guided_extension
31,248,0.03851807284996803,66,2.3746951200365502e-05,3,0.5,0.9939910338039989,2.566498599946499,248,9373,222030,2,guided_extension
16,118,0.04386522419394072,23,0.00043951238848722435,2,0.5,0.9962395443523819,1.8283661000896245,118,737,222031,2,guided_extension
2,125,0.0011056854031641157,27,0.0004723190853814148,3,0.0,0.9878885073579847,10.88585860002786,125,1729,222032,2,guided_extension
10,120,0.002602201255247282,88,0.0018221675461987674,2,0.5,0.9927514821222482,2.782021600054577,120,8537,222033,2,guided_extension
1,152,0.09490523526689815,6,5.312870385161915e-05,3,0.0,0.5239128283706932,23.57878310000524,152,133,222034,2,guided_extension
6,138,0.00909822853651432,30,8.349028099831227e-05,3,0.0,0.987562850296329,4.329711199970916,138,2101,222035,2,guided_extension
16,232,0.003488640203269101,8,2.9019221804645832e-05,2,0.5,0.9900993195875502,3.0981296999379992,232,137,222036,2,guided_extension
7,207,0.0193136071556088,7,0.00018669685942781012,2,0.0,0.9905226199208274,5.2376792000140995,207,113,222037,2,guided_extension
63,77,0.0016704275792270638,13,0.00027437875555312195,2,0.5,-0.002417127322509094,0.6653139999834821,77,287,222038,2,guided_extension
12,76,0.008488831651270777,90,5.463847830923488e-05,2,0.5,0.9914125754341558,1.587720699957572,76,8911,222039,2,guided_extension
86,207,0.001575540937702587,14,0.00046113195715563507,3,0.5,-0.009291762315758456,1.0898641999810934,207,533,222040,2,guided_extension
2,276,0.006415438100306411,17,0.000740391118210747,3,0.5,0.9889412485317232,21.97525959997438,276,749,222041,2,guided_extension
196,319,0.0032129872768283142,4,0.00011435555889357252,2,0.5,0.28323723348649554,1.0346228000707924,319,53,222042,2,guided_extension
72,162,0.0020237312359553624,28,0.00046067810925958137,3,0.0,0.9770185141811635,1.1280136000132188,162,1849,222043,2,guided_extension
19,72,0.061151099560604265,15,0.0009811670484325078,2,0.5,0.9860821276063969,1.067499199998565,72,361,222044,2,guided_extension
3,269,0.0025761523190380923,101,0.00023707952385119407,3,0.0,0.9965727334580626,16.416127900010906,269,21413,222045,2,guided_extension
187,111,0.019362080860851016,6,0.00016855489151876643,2,0.5,0.5538475047260816,0.5993664000416175,111,91,222046,2,guided_extension
72,1,0.003688442968938655,522,0.036103163991558086,2,1.0,0.19630442587155938,0.3892533000325784,1,277183,232027,2,broad_extension
8,4,0.004069614732349879,61,0.013162456839439446,3,0.5,-0.007209656669692421,0.5871643999125808,4,8053,232028,2,broad_extension
77,327,0.004103423956937049,152,0.0019792478674965706,2,0.5,0.9919517586881751,2.063178600044921,327,24473,232029,2,broad_extension
50,2,0.03466995542950373,47,0.00030603703620989906,2,1.0,0.12318855214437752,0.38796319998800755,2,2633,232030,2,broad_extension
43,54,3.9304396315567944e-05,9,0.0005612083222791392,3,0.5,-0.4571923802480897,0.7403165999567136,54,253,232031,2,broad_extension
63,8,0.047639276810983754,493,3.696925690737992e-05,3,0.5,-0.00041658477251149684,0.6294157999800518,8,491029,232032,2,broad_extension
54,118,1.924851938288257e-05,12,0.14578430722149427,1,0.5,-0.6679410592008652,0.75903240009211,118,97,232033,2,broad_extension
12,128,0.0004663246538751148,31,0.00013854857261141128,2,0.0,0.9232281182171435,2.216200100025162,128,1241,232034,2,broad_extension
5,46,1.8243289247571913e-05,9,0.10191228356875359,2,1.0,-0.5756763431890646,1.8027599999913946,46,163,232035,2,broad_extension
44,11,0.0024550988843010484,33,0.00015250322391821192,1,0.0,-0.19163900950475732,0.3625023999484256,11,265,232036,2,broad_extension
48,5,0.010520382158473405,32,0.011098344942158831,1,0.0,0.07799587525317997,0.32630840002093464,5,257,232037,2,broad_extension
17,8,0.002110525787401004,231,2.0031315867612335e-05,2,0.0,0.8937608408458046,0.5193688999861479,8,55441,232038,2,broad_extension
3,5,0.050978524065997115,306,1.8137211628578305e-05,3,0.0,0.27105448581568625,0.8974595000036061,5,190333,232039,2,broad_extension
1,8,0.0010384083065671159,133,0.04368654627671293,2,1.0,0.9344795767293056,1.6009459000779316,8,18887,232040,2,broad_extension
4,4,2.089983118281061e-05,10,0.018655584986738638,3,1.0,-0.5648668955613307,0.6633036000421271,4,301,232041,2,broad_extension
144,29,0.02717339146262648,149,5.467488018781029e-05,1,1.0,0.6212484413225047,0.38374299998395145,29,1193,232042,2,broad_extension
8,204,0.05685559617468822,5,0.0022974435586552364,2,1.0,0.9658592417570233,4.504815199994482,204,71,232043,2,broad_extension
51,265,0.004906536180428429,7,0.011837408152122185,3,0.0,0.9867134114825432,1.56963879999239,265,169,232044,2,broad_extension
41,3,3.153129469892256e-05,80,0.004310092291354791,2,1.0,-0.5264854146180531,0.36992779991123825,3,7121,232045,2,broad_extension
17,120,0.04131650286268533,4,0.00848442490914779,2,0.0,0.9831579262786989,1.5482673000078648,120,53,232046,2,broad_extension
7,13,0.0030616294634396883,4,0.00010283300208658553,1,0.0,0.2925590276047859,1.622593400068581,13,33,312027,3,initial_shared
114,15,0.0005908088196717244,96,0.022210185125166537,1,0.5,-0.6241715308109133,0.5314893999602646,15,769,312028,3,initial_shared
2,68,4.003769423956303e-05,19,2.866435997078563e-05,3,0.0,0.24494984524249241,5.73067550000269,68,913,312029,3,initial_shared
18,193,1.0581591368680246e-05,140,0.0023336770394308433,1,1.0,-0.654142375828491,2.2875044000102207,193,1121,312030,3,initial_shared
78,24,0.045753449305975746,24,0.17866591505445936,2,0.5,0.5753523175308498,0.5080621000379324,24,793,312031,3,initial_shared
18,12,0.0013211513752476702,16,0.042593594575676706,2,0.5,-0.6253578656932319,0.5290654000127688,12,401,312032,3,initial_shared
105,156,6.886855492734301e-05,272,0.019680837929763516,2,0.0,0.4375466017348283,1.2901269999565557,156,76433,312033,3,initial_shared
5,65,0.001984600174543786,3,0.0009702812419381988,3,0.5,0.05409252671534781,2.6124053000239655,65,49,312034,3,initial_shared
3,1,0.002291873443954706,91,0.001960045676548603,1,1.0,-0.37211088584066343,0.3466011000564322,1,729,312035,3,initial_shared
103,17,0.007713896651063562,195,0.00032081043984499873,1,1.0,0.5800249125615081,0.3756689000874758,17,1561,312036,3,initial_shared
161,27,0.00020449130545266338,48,0.00033785667409886097,1,0.5,-0.7124737390380638,0.37481289997231215,27,385,312037,3,initial_shared
48,3,0.0009566955151702351,4,0.19712326374125705,1,0.0,-0.9113327848571982,0.31973290001042187,3,33,312038,3,initial_shared
89,38,0.0011623510942940572,64,0.4811759317689277,2,1.0,0.25222890108753104,0.5399616999784485,38,4673,312039,3,initial_shared
2,12,0.018876519312482604,44,8.947880723956541e-05,1,0.0,0.9763870213381552,1.135957800084725,12,353,312040,3,initial_shared
2,81,0.0005156265224711443,38,0.0011108380925273183,1,0.5,0.7202009564450008,5.866037900093943,81,305,312041,3,initial_shared
7,52,0.035111558528595224,90,0.00014369519614895938,1,0.5,0.9967796206381178,1.9389672999968752,52,721,312042,3,initial_shared
6,18,0.00012079509029362598,43,0.17200612839317253,2,0.5,-0.40706374383483435,0.8367602999787778,18,2237,312043,3,initial_shared
3,3,3.258913239091007e-05,4,0.010476202884153641,3,0.5,-0.653578878617818,0.6374270999804139,3,73,312044,3,initial_shared
13,272,0.0007516895182904773,21,1.8919958880989072e-05,1,0.0,0.9019554340862869,3.893114099977538,272,169,312045,3,initial_shared
54,13,0.007761122061212639,111,9.024919664716936e-05,1,0.0,0.71618866015565,0.40116350003518164,13,889,312046,3,initial_shared
19,3,0.0011642272141950203,29,0.2715367256240094,2,0.0,-0.7568513522160856,0.43306219996884465,3,1103,312047,3,initial_shared
23,247,0.00027696344346264386,269,0.011257962738700287,3,1.0,0.99420100451559,4.796669200062752,247,147413,312048,3,initial_shared
250,4,0.008108587299318841,216,0.3342190163037044,2,1.0,0.25999209680040225,0.3927813000045717,4,48601,312049,3,initial_shared
3,2,4.1520338180073574e-05,276,0.000289381030223436,3,0.0,-0.6232774779702712,0.5984145000111312,2,155113,312050,3,initial_shared
6,16,5.602947929334101e-05,19,1.2329940877398436e-05,2,0.0,-0.7420265919838713,0.7717477000551298,16,533,312051,3,initial_shared
13,211,0.0001525690477117068,159,0.1817866722232225,3,0.5,0.6145145467592669,4.598689800011925,211,52153,312052,3,initial_shared
4,1,0.04553033280369649,19,0.184083667197509,3,0.5,-0.11786932501360003,0.5726599999470636,1,913,312053,3,initial_shared
1,356,0.0030367836707348474,8,0.0030990596951755026,2,0.5,0.996843641079652,51.540278600063175,356,137,312054,3,initial_shared
25,56,3.271428321612668e-05,369,0.0001485494151840645,1,1.0,-0.6614441374838833,0.781647099996917,56,2953,312055,3,initial_shared
43,5,0.001170885617947993,582,0.0007460923093972154,2,1.0,0.514240508239378,0.4801689999876544,5,343963,312056,3,initial_shared
3,137,0.0017378635530520621,18,0.0018695400969175064,2,0.5,0.9948422286017504,6.930684700026177,137,487,312057,3,initial_shared
4,3,0.0002219370171033266,265,2.032816568764888e-05,3,1.0,0.34467254977544126,0.6731415000976995,3,143101,312058,3,initial_shared
29,2,0.012488671223958758,24,0.00024048290507992592,1,1.0,-0.39751321025433795,0.31897949997801334,2,193,312059,3,initial_shared
8,48,0.0009723698347737365,56,3.963293579212168e-05,1,1.0,0.532085158026067,1.202103800023906,48,449,312060,3,initial_shared
1,3,0.0011891524678103935,14,0.01908179047858201,1,0.0,-0.3772780140774308,0.7022241000086069,3,113,312061,3,initial_shared
56,76,0.0002306023484221079,121,0.1897067483434183,2,0.0,0.6486661465491457,0.8007155999075621,76,15731,312062,3,initial_shared
4,4,8.371861713822492e-05,25,1.6378563371650293e-05,2,0.0,-0.7932457523879186,0.5553138999966905,4,851,312063,3,initial_shared
75,23,0.029839741472574604,165,0.006560489385022149,2,1.0,0.9706116735286798,0.5712653000373393,23,28711,312064,3,initial_shared
20,57,0.06214569244290284,6,0.010146906978750692,2,0.0,0.9910910779420544,0.878127200063318,57,91,312065,3,initial_shared
19,2,0.0006620215297724168,75,1.0986318518630582e-05,1,0.5,-0.7494148323301784,0.31720879999920726,2,601,312066,3,initial_shared
4,68,0.010658712952282906,5,0.204516865678332,1,0.5,0.9682050208070907,2.7655628999928012,68,41,312067,3,initial_shared
3,290,0.020564639750473467,16,0.003609386412877739,2,0.0,0.9846137655207284,13.799892600043677,290,401,312068,3,initial_shared
13,4,0.03883796414899313,10,2.256332767270701e-05,2,1.0,0.5633400223114604,0.4436453999951482,4,191,312069,3,initial_shared
22,11,0.00019516027430702338,12,0.029923312032807563,3,0.0,-0.74238619334944,0.565012100036256,11,409,312070,3,initial_shared
3,28,0.0005271847861603344,44,0.07606482414822383,3,0.0,0.9446419928149244,1.9324637999525294,28,4313,312071,3,initial_shared
3,1,0.00018698445555147866,461,0.0003194056128382226,1,0.0,-0.7487212007564048,0.339947999920696,1,3689,312072,3,initial_shared
178,280,0.00041821526657741877,103,0.00224680534778206,2,0.0,0.9063399957791448,1.192752999952063,280,11537,312073,3,initial_shared
2,370,0.01920030616186892,23,0.2536128711258108,2,0.0,0.941134909758127,27.59494880004786,370,737,312074,3,initial_shared
46,4,0.0022323797220857524,18,0.12249611365172726,3,0.5,-0.6320837993448372,0.49650659994222224,4,829,312075,3,initial_shared
97,4,0.0006614352884524229,9,0.6545175606997805,1,0.5,-0.7231027193851229,0.304287200095132,4,73,312076,3,initial_shared
54,3,0.0001483722922312428,266,1.6132161441100435e-05,1,1.0,-0.7794920712966076,0.31436229997780174,3,2129,312077,3,initial_shared
13,1,1.9004250736503384e-05,11,0.1020638289072493,3,1.0,-0.7831338085323982,0.4741459999931976,1,353,312078,3,initial_shared
49,6,0.0003043512640024676,71,0.25971262001982237,3,1.0,-0.6522176292490982,0.5046148999826983,6,10793,312079,3,initial_shared
9,4,0.00024739281534468525,21,0.07053547479297706,3,0.0,-0.7761450233926843,0.547037500073202,4,1093,312080,3,initial_shared
48,59,0.0011889749189261615,135,1.7480315239393954e-05,2,0.5,0.5322534673545294,0.7482576000038534,59,19441,312081,3,initial_shared
2,287,0.00020639749798846447,385,0.1053790571030795,3,1.0,0.9937963562481337,63.40486370003782,287,300301,312082,3,initial_shared
117,32,0.0015602728459245877,5,0.16320656560182553,1,0.0,-0.6642189940036503,0.3826918000122532,32,41,312083,3,initial_shared
47,4,0.0009506147743269754,89,0.3702070170132884,3,0.0,-0.5263572734600257,0.4781375000020489,4,16733,312084,3,initial_shared
7,73,0.00338093390932081,4,0.006078808920694792,3,1.0,0.7154103240181626,2.0886613000184298,73,73,312085,3,initial_shared
28,26,0.002517747353687906,13,0.00026116130956309677,1,0.5,-0.2668142514139631,0.4633320999564603,26,105,312086,3,initial_shared
139,2,0.00011619221796387956,3,0.002479126808056247,1,1.0,-0.776547119362301,0.28677130001597106,2,25,312087,3,initial_shared
30,36,0.00013981031042632454,23,0.22465774893460705,2,1.0,-0.7150968551113326,0.6130996000720188,36,737,312088,3,initial_shared
9,11,0.002083178431051978,115,0.012311590097721235,2,1.0,0.4928122700960116,0.5996300999540836,11,14261,312089,3,initial_shared
3,3,1.126857614970676e-05,9,0.09545917670688196,2,0.0,-0.8538001308141596,0.5091617000289261,3,163,312090,3,initial_shared
3,57,0.026809034308489726,11,0.0005814051016056488,2,0.5,0.9947228582882478,3.771718499949202,57,221,312091,3,initial_shared
89,54,0.0003743716801227216,373,7.384459713131993e-05,3,0.5,-0.10170082443176032,1.057717000017874,54,281989,312092,3,initial_shared
11,6,0.00024119734183688222,274,0.0011829038797000284,2,0.0,0.16377180994937768,0.5312716999324039,6,77543,312093,3,initial_shared
2,11,0.0036069743462011617,93,0.0023467095293970746,3,0.0,0.9571116317441407,1.3434563999762759,11,18229,312094,3,initial_shared
8,62,5.9121548068575636e-05,76,0.4453536418826765,3,0.0,0.4212624717856637,1.9117214999860153,62,12313,312095,3,initial_shared
159,6,0.027021339835310982,14,0.09206795682623042,3,0.0,0.40208703953164615,0.45118420000653714,6,533,312096,3,initial_shared
26,139,0.022093945980261584,375,0.0011586414017248751,1,0.0,0.9982094301032671,1.436575899948366,139,3001,312097,3,initial_shared
12,15,1.0683313184373794e-05,267,0.0025239551277331605,1,0.5,-0.6594349842562701,0.5106498000677675,15,2137,312098,3,initial_shared
16,2,0.0009330914071788573,9,0.00019746913092628056,2,0.5,-0.791328558006243,0.3976357999490574,2,163,312099,3,initial_shared
7,60,5.71053914295425e-05,4,0.06265348480527635,3,1.0,-0.6930654693091804,1.8306569999549538,60,73,312100,3,initial_shared
35,178,0.0687239624409724,74,0.00030471095247622964,2,1.0,0.871662567070244,1.5293664999771863,178,6143,312101,3,initial_shared
3,12,0.001371210322671274,133,0.0004474233033819293,3,0.0,0.9713834931571778,1.1175314000574872,12,36709,312102,3,initial_shared
119,135,3.2252385366962234e-05,15,7.61734116842867e-05,3,0.5,-0.8228576387701618,0.8385579000459984,135,601,312103,3,initial_shared
10,8,6.242902581974608e-05,8,0.00024006437119559361,1,0.0,-0.8200916923134858,0.4273201000178233,8,65,312104,3,initial_shared
1,1,0.027053972120872277,19,0.15465577428428695,1,0.5,0.4312247095943845,0.4111352999461815,1,153,312105,3,initial_shared
4,216,0.0010403819766693489,7,6.342121086912526e-05,3,0.5,0.9689307165085429,8.59798329998739,216,169,312106,3,initial_shared
96,67,0.0020324506098396864,8,0.0001355205997638054,2,0.0,0.20009610718819204,0.553494599997066,67,137,312107,3,initial_shared
12,1,1.2575387115087997e-05,11,2.5728615359122502e-05,3,1.0,-0.8298908586586613,0.4699808000586927,1,353,312108,3,initial_shared
4,181,0.0004340706228133856,82,0.003002620960995118,3,0.0,0.9880497019613915,8.13541820005048,181,14269,312109,3,initial_shared
56,15,2.2541221089662247e-05,18,0.08026989756526623,1,1.0,-0.7495319606304713,0.36330580001231283,15,145,312110,3,initial_shared
65,6,0.00018109377563483163,19,9.313723090756568e-05,2,1.0,-0.78000520145731,0.39362830005120486,6,533,312111,3,initial_shared
198,1,0.00039418061725430474,126,1.6915083958373514e-05,3,1.0,-0.7494596372329474,0.43884209997486323,1,33013,312112,3,initial_shared
1,198,0.03375289685017279,576,0.011230596745960122,3,1.0,0.6030280357266626,113.2533575000707,198,669313,312113,3,initial_shared
3,5,0.04871070825762335,35,0.0035797511757881526,2,0.0,0.8860108951125315,0.5865081999218091,5,1541,312114,3,initial_shared
207,3,0.0013654934730630908,321,6.854983576084819e-05,3,0.5,-0.22806190394303782,0.46750950010027736,3,209293,312115,3,initial_shared
7,147,4.7071224273269285e-05,17,0.40264731145601024,1,0.5,-0.6591955448120934,3.2357759999576956,147,137,312116,3,initial_shared
15,2,0.00014841701846920086,4,3.246997357407032e-05,2,1.0,-0.7884447402717725,0.39767550001852214,2,53,312117,3,initial_shared
143,13,0.0002108864029195328,7,0.026504127191556995,2,0.5,-0.8713285828390009,0.40927689999807626,13,113,312118,3,initial_shared
82,2,0.0009117815123892541,42,0.0001398757011449296,1,0.0,-0.8253657748469143,0.2696695000631735,2,337,312119,3,initial_shared
158,4,1.2249835717995225e-05,56,0.0021721508071450147,1,1.0,-0.8126996323962996,0.32103790005203336,4,449,312120,3,initial_shared
6,7,9.559929891243387e-05,6,3.200956402655589e-05,2,1.0,-0.7805185279584201,0.5505409999750555,7,91,312121,3,initial_shared
8,2,1.0564088083760212e-05,17,1.338132174560959e-05,2,0.5,-0.6689432590563853,0.4355046000564471,2,443,312122,3,initial_shared
2,26,0.017023320964486225,16,0.6004815860802419,3,1.0,0.58000898040447,2.2665684999665245,26,673,312123,3,initial_shared
4,10,0.00014001803857182797,32,0.00023629516989518443,2,0.5,-0.5761655476038792,0.7591666999505833,10,1313,312124,3,initial_shared
80,2,0.05899348492259184,5,0.01991220656893547,2,0.5,-0.5759200262906694,0.37032969994470477,2,71,312125,3,initial_shared
1,204,0.0005224032621276429,11,0.0021227804578620242,1,1.0,0.9720815856332817,25.178673100075684,204,89,312126,3,initial_shared
48,22,0.03124729486223644,81,0.0013882906495724455,1,0.0,0.9750006134525111,0.4118527000537142,22,649,322027,3,guided_extension
116,8,0.032118618898419375,122,0.003599486653646299,1,0.0,0.7572245210568952,0.32165649998933077,8,977,322028,3,guided_extension
30,165,0.04044511152573186,331,0.0006063618625983218,2,0.0,0.9929604707934218,2.7101295000175014,165,112541,322029,3,guided_extension
1,69,0.01592307617802213,189,0.00013972922164486376,1,1.0,0.9617735355194243,8.987406500033103,69,1513,322030,3,guided_extension
84,140,0.020332474625075102,229,0.004658769698705265,1,0.5,0.9943561103674936,0.7133156000636518,140,1833,322031,3,guided_extension
6,10,0.035948852996277224,92,0.04037300387916478,1,0.0,0.9591352144983123,0.5218924999935552,10,737,322032,3,guided_extension
31,104,0.008598544066000021,268,3.455349987881848e-05,2,0.5,0.9959262198067234,1.41169350000564,104,74237,322033,3,guided_extension
138,22,0.04011729637197418,64,0.0022368657257663327,1,0.0,0.9106809031174224,0.34749219997320324,22,513,322034,3,guided_extension
53,47,0.019505559130295218,185,0.004343856395276928,1,0.5,0.9234072198925449,0.5110351999755949,47,1481,322035,3,guided_extension
58,14,0.010430198918972372,199,0.10348594944661378,2,1.0,0.47151896050170516,0.4732305998913944,14,41393,322036,3,guided_extension
3,9,0.01456280285531236,323,0.19602194186524272,1,1.0,0.9055973312537049,0.6796732000075281,9,2585,322037,3,guided_extension
3,25,0.01039688174994478,74,0.0005385931297903458,2,0.0,0.9786789892400521,1.5664431999903172,25,6143,322038,3,guided_extension
9,5,0.05536741133854167,100,0.00028334551121917973,2,0.0,0.9793394903958084,0.4953919000690803,5,10901,322039,3,guided_extension
153,34,0.018697296883022702,48,9.601602559094219e-05,1,0.0,0.8455375377761353,0.370645200018771,34,385,322040,3,guided_extension
10,215,0.04738456309606039,48,0.0001553015141601098,2,0.0,0.9910154218154326,3.8339113999390975,215,2737,322041,3,guided_extension
198,18,0.06217955921734214,60,0.001723383043587251,1,0.5,0.7243181609786342,0.34304800000973046,18,481,322042,3,guided_extension
8,75,0.030036678240344,78,0.0003223078821988843,1,0.5,0.9957922007702964,1.6496705999597907,75,625,322043,3,guided_extension
5,30,0.03357101854555654,70,0.00026254332543949155,1,0.5,0.9867154812749747,1.1633509000530466,30,561,322044,3,guided_extension
10,83,0.05320392676956146,68,0.05232022101924193,2,0.0,0.9284365623466155,1.7320908000692725,83,5237,322045,3,guided_extension
1,27,0.020781882837181895,60,0.00024662581692752865,2,0.0,0.9925901089936026,4.009427800076082,27,4141,322046,3,guided_extension
8,27,0.06025728526829425,8,3.2291972760141094e-05,2,0.0,0.9850552843525264,0.8895593999186531,27,137,332027,3,broad_extension
221,14,0.0001484457100349415,449,0.0004533026731217213,1,0.0,-0.7618377180193867,0.3719835999654606,14,3593,332028,3,broad_extension
91,1,0.030414911709782493,30,0.007014096529789919,3,0.0,0.11088088783363192,0.44837579992599785,1,2101,332029,3,broad_extension
1,5,0.002454115245683142,135,0.00015220627358839285,2,1.0,0.9376713683887908,1.0918305999366567,5,19441,332030,3,broad_extension
9,51,0.0025735855211327487,37,0.00016261562846135358,1,0.0,0.9270644182229825,1.1384439000394195,51,297,332031,3,broad_extension
147,6,1.8529983472193042e-05,25,0.000673066947391669,1,0.5,-0.7668429036842133,0.31132799992337823,6,201,332032,3,broad_extension
3,11,1.0933954752218307e-05,18,0.3838615632050902,3,0.5,-0.7995837799807952,0.9755480999592692,11,829,332033,3,broad_extension
1,237,0.04534963488008479,53,0.009326508052330575,3,1.0,0.6940991952591686,34.7160391000798,237,6149,332034,3,broad_extension
34,3,2.4183572780202844e-05,8,0.6589080029265089,3,1.0,-0.769785716326332,0.4947347999550402,3,209,332035,3,broad_extension
16,3,0.030514676770932687,186,5.490288911093455e-05,1,0.0,0.8581230858365108,0.334968899958767,3,1489,332036,3,broad_extension
59,360,0.002630564299780734,120,0.09203632122329031,2,0.5,0.9951792255158308,2.2306933000218123,360,15481,332037,3,broad_extension
198,248,3.237139464128412e-05,4,0.04968240431720341,3,0.0,-0.7850209995094313,0.9318611000198871,248,73,332038,3,broad_extension
118,33,0.0034983994154004256,36,0.0017309880995648905,2,0.5,-0.13437895890742912,0.4849937999388203,33,1621,332039,3,broad_extension
14,12,1.8999049507361066e-05,542,0.27191463603578775,1,1.0,-0.747323476110062,0.4751501000719145,12,4337,332040,3,broad_extension
3,87,0.015878166705785353,7,0.015502568698053137,2,0.5,0.9814303037262521,4.17380210000556,87,113,332041,3,broad_extension
1,154,0.008084774056968082,6,0.03114246286684257,2,1.0,0.9820296046362329,20.333400000003166,154,91,332042,3,broad_extension
60,46,0.0015590379786109363,110,0.021364502934554358,3,0.5,-0.08536973166789363,0.7626358000561595,46,25301,332043,3,broad_extension
5,7,2.988110703443183e-05,284,0.009437277224222648,3,0.5,-0.280229704700804,0.8588659999659285,7,164153,332044,3,broad_extension
9,18,0.02171888467401805,15,0.32350466878775064,2,0.0,0.9490509301420389,0.7249218000797555,18,361,332045,3,broad_extension
5,8,0.002649007299326515,5,0.01471728826299462,3,0.0,0.5391381350642732,1.787260500015691,8,101,332046,3,broad_extension
2,1,0.013114505649441218,94,0.04251988028705705,2,0.5,0.2033741211120027,0.4526432000566274,1,9683,412027,4,initial_shared
13,131,2.883493386941583e-05,120,0.0017143083948138779,3,1.0,0.44583015208769505,2.610329100047238,131,30001,412028,4,initial_shared
12,224,0.004554740760640582,38,0.00040398245013351547,3,0.5,0.9979302878586147,3.78983189992141,224,3269,412029,4,initial_shared
12,1,0.06150887209986499,13,0.0014830089170898236,1,1.0,0.3436720122221528,0.3256775001063943,1,105,412030,4,initial_shared
1,117,0.00013048843575949593,31,4.4873553056308536e-05,2,1.0,0.9609411930938141,16.093506500008516,117,1241,412031,4,initial_shared
27,373,0.08786616023864943,81,0.0039146845332785,2,0.5,0.9832079895978963,3.2730108000105247,373,7291,412032,4,initial_shared
13,148,0.001791319893524938,401,0.34063036704489597,3,0.0,0.9930477401559367,6.723146199947223,148,325613,412033,4,initial_shared
15,10,4.542390155755308e-05,13,5.50373401432907e-05,3,1.0,-0.5813211517942609,0.6020504999905825,10,469,412034,4,initial_shared
6,12,0.0002949405975433338,9,5.433614813002847e-05,2,0.0,-0.24198312309311332,0.6507514000404626,12,163,412035,4,initial_shared
168,1,0.0012516804691696075,88,0.103088693866691,3,1.0,-0.5324048775611019,0.4635146999498829,1,16369,412036,4,initial_shared
2,100,3.5469482001416145e-05,188,0.018887294264136403,3,0.5,0.21901836506256878,9.244113399996422,100,72569,412037,4,initial_shared
40,3,0.015862527387096308,556,0.05040527233252686,1,0.5,0.21206553967098296,0.3416229001013562,3,4449,412038,4,initial_shared
58,5,0.0011665137578019983,78,0.005788467152499102,2,0.5,-0.18017993463659576,0.4202671000966802,5,6787,412039,4,initial_shared
10,55,3.0293500867567574e-05,51,0.0003376103931003233,1,0.0,-0.47705277618059583,1.1532938999589533,55,409,412040,4,initial_shared
71,397,0.00013603423867378852,96,0.037207875184540364,2,0.5,0.03130072963770458,2.0902456999756396,397,10081,412041,4,initial_shared
65,36,6.319041056859369e-05,373,0.00013054152155442012,2,0.0,-0.13834780495754484,0.6936470000073314,36,142487,412042,4,initial_shared
11,52,0.00025841630408323887,50,0.019661958153889783,2,0.5,0.018343126922984898,1.1611984999617562,52,2951,412043,4,initial_shared
3,38,0.0006548701933089974,23,0.04510461643660607,1,0.0,0.7261196635488439,1.9019169999519363,38,185,412044,4,initial_shared
118,206,0.0006872698130405497,203,0.00016788396771435984,3,0.5,0.9396893857274216,1.5695602999767289,206,84449,412045,4,initial_shared
31,6,0.0013626732582581655,70,0.14584645111055433,1,0.0,-0.360261839520126,0.349891500081867,6,561,412046,4,initial_shared
4,4,0.04167707187685437,10,0.0006015864250790034,3,0.5,0.9491401595192968,0.6557404999621212,4,301,412047,4,initial_shared
143,2,0.00017643129011093742,43,0.1997692848618865,2,0.0,-0.5906752637472239,0.39496059995144606,2,2237,412048,4,initial_shared
58,150,0.0027127598312870213,39,0.0021358717334050204,3,0.0,0.9916802147924185,1.1513508000643924,150,3433,412049,4,initial_shared
9,11,0.00030791835943641056,10,0.020198560340098252,1,0.5,-0.470056759219182,0.4930280999979004,11,81,412050,4,initial_shared
8,29,0.0007581408661945991,5,0.0061046265256780455,2,0.5,-0.38977111012344245,0.9322793999454007,29,71,412051,4,initial_shared
3,63,0.0005673916714788031,102,0.00573541743560795,2,0.0,0.9937403971626575,3.3325443000067025,63,11323,412052,4,initial_shared
163,126,0.0001184027673688491,4,4.3357246207992584e-05,2,1.0,-0.5862293857385938,0.6354424000019208,126,53,412053,4,initial_shared
34,144,2.6265834547718946e-05,65,0.5010447504894686,3,1.0,-0.212681799727658,1.4657321000704542,144,9101,412054,4,initial_shared
230,78,0.05190617390775487,49,2.908690227768948e-05,1,0.5,0.9803897701041863,0.4661807999946177,78,393,412055,4,initial_shared
196,87,1.086680922877481e-05,10,0.0004663807760408405,3,0.0,-0.5326972293351737,0.6591649999609217,87,301,412056,4,initial_shared
139,11,0.00010472760358391003,119,0.023314431425501377,2,0.0,-0.5239691352444686,0.41427910001948476,11,15233,412057,4,initial_shared
120,32,0.0012505405900981455,141,0.00010174567288569264,1,0.5,0.019868987135076677,0.41018290002830327,32,1129,412058,4,initial_shared
107,120,0.001942136242324069,344,6.604721915857117e-05,2,0.0,0.9958461252219584,1.2065194000024348,120,121433,412059,4,initial_shared
208,3,0.051101447359395695,212,0.05239165879346588,2,1.0,0.03880267851993591,0.3933258999604732,3,46853,412060,4,initial_shared
11,2,0.00012350653459302385,106,3.5246878756827085e-05,1,1.0,-0.5621298904093504,0.34100930008571595,2,849,412061,4,initial_shared
8,131,1.9977862094538543e-05,7,0.44910905390004896,1,1.0,-0.5171130463124245,2.5156808000756428,131,57,412062,4,initial_shared
37,6,0.0017746754135412528,438,0.04869125098523293,2,0.5,0.014650276671509532,0.4709498999873176,6,195787,412063,4,initial_shared
48,5,0.0007675244789921865,159,0.03259620775141891,3,0.5,-0.02163463795817222,0.506929999915883,5,52153,412064,4,initial_shared
139,5,0.06816303452893255,21,0.1683957262660578,2,1.0,0.18851071794995533,0.39911639993079007,5,631,412065,4,initial_shared
3,30,0.0014073715478315025,267,2.3708213634262123e-05,1,0.5,0.6996511694214445,1.6002095999429002,30,2137,412066,4,initial_shared
78,7,0.003841677928081544,83,0.055667980437774156,3,0.5,-0.0008917761815989689,0.5026489000301808,7,14609,412067,4,initial_shared
23,5,2.5374403260977265e-05,96,0.0009385396074473621,2,1.0,-0.5021712403702474,0.43244669993873686,5,10081,412068,4,initial_shared
15,32,0.0010885286142535908,63,0.005728974102249378,1,0.0,0.6931340419240182,0.6374357999302447,32,505,412069,4,initial_shared
9,2,0.00014143283870710172,219,0.35144776769862435,2,0.5,-0.17214499647714665,0.43950279999990016,2,49933,412070,4,initial_shared
141,95,1.596422312697393e-05,331,0.5514284818238858,1,0.0,-0.5755689856525434,0.5734792000148445,95,2649,412071,4,initial_shared
9,11,0.0014811610242268733,407,7.004839646597813e-05,1,0.0,0.7579628544641281,0.5405683000572026,11,3257,412072,4,initial_shared
2,200,0.05757191065172852,342,1.8603476935503784e-05,2,0.5,-0.1280940571574014,25.098397900001146,200,120043,412073,4,initial_shared
35,352,0.04656148706663239,567,0.0016275750014492021,3,0.5,-0.09534152037984356,10.449003899935633,352,648649,412074,4,initial_shared
254,74,0.0038560185973801997,528,0.05335485424812403,3,1.0,0.8852764443150373,1.0926656000083312,74,562849,412075,4,initial_shared
5,58,0.03386658074509327,147,8.168855592770369e-05,2,0.5,0.9934464273728779,2.351075000013225,58,22933,412076,4,initial_shared
47,31,0.004602972302848478,178,0.3249801469295759,3,0.0,0.9685573070720844,0.7403799999738112,31,65149,412077,4,initial_shared
2,118,9.76345871308351e-05,27,0.0037811746242357026,2,0.0,0.8144167952130993,8.254705500090495,118,973,412078,4,initial_shared
1,3,0.002086095428747396,238,0.030161601684562344,3,1.0,0.5198449950129509,1.035715900012292,3,115669,412079,4,initial_shared
10,10,0.0013555000712636592,149,0.002249945763027402,1,0.0,0.6350391699721227,0.46181530004832894,10,1193,412080,4,initial_shared
2,57,0.024704111336243176,9,0.011503393843843397,2,0.5,0.9639961462063243,4.130114300060086,57,163,412081,4,initial_shared
7,8,0.00013700597163510128,225,0.038400257521620414,2,0.5,0.005164981336527985,0.6230039999354631,8,52651,412082,4,initial_shared
37,5,0.0006159298916237452,206,0.02264168681970264,2,0.5,-0.018720367958087403,0.42417579994071275,5,44291,412083,4,initial_shared
17,3,0.00043261810956476824,9,1.5784277276706593e-05,1,0.0,-0.5731156192152924,0.34134990000166,3,73,412084,4,initial_shared
3,3,0.0012149057535079354,58,0.0005438006429608875,2,1.0,0.4239995137139573,0.5256805999670178,3,3887,412085,4,initial_shared
137,17,0.009770081551121258,4,0.0010349019915099765,2,0.5,-0.31165190497363193,0.41827340004965663,17,53,412086,4,initial_shared
11,17,0.00018809330872512136,248,0.4590175770350372,1,0.0,-0.2655561834783371,0.5609583999030292,17,1985,412087,4,initial_shared
29,25,7.763015554248827e-05,170,0.07986725469502955,3,1.0,0.25847298599096136,0.7453490000916645,25,59501,412088,4,initial_shared
16,1,0.0007112938258511608,16,0.004560834672283101,1,1.0,-0.6509247668436267,0.31264649995137006,1,129,412089,4,initial_shared
41,188,0.00283746653093414,65,2.487978009282931e-05,3,0.5,0.9959312519621698,1.3409633000846952,188,9101,412090,4,initial_shared
2,187,0.0007507072541434997,20,0.0001438766353894533,1,0.5,0.9612071995636647,11.836007199948654,187,161,412091,4,initial_shared
14,81,0.00033658111122861044,44,1.048472188785983e-05,2,1.0,0.49233694228537983,1.3261848000111058,81,2333,412092,4,initial_shared
38,1,6.949185581593936e-05,11,0.0030500637118566778,1,0.0,-0.49689198897704867,0.3064080999465659,1,89,412093,4,initial_shared
37,125,0.025293637422484562,12,0.00021988540418702433,1,1.0,0.996834029201976,0.8679128000512719,125,97,412094,4,initial_shared
183,5,0.03295667478485188,159,0.0011558550152559984,3,0.0,0.47276628510960694,0.48616009997203946,5,52153,412095,4,initial_shared
117,2,1.8246843863236136e-05,79,0.5544255189772744,3,1.0,-0.5937697446877768,0.4665190000087023,2,13273,412096,4,initial_shared
7,1,0.09596452698077759,21,0.0031995617940206496,3,1.0,0.6914435233645563,0.4926200999179855,1,1093,412097,4,initial_shared
17,58,2.044527350115304e-05,571,0.011854767895428284,1,1.0,-0.43172825271568227,1.01022399996873,58,4569,412098,4,initial_shared
15,10,0.04831397087143847,251,0.01859323907653872,1,0.0,0.9873583973729604,0.43062270001973957,10,2009,412099,4,initial_shared
2,89,0.0003384634604954102,183,7.007818781833211e-05,2,0.5,0.995466988033859,7.041933200089261,89,35137,412100,4,initial_shared
1,169,0.004825298803257209,6,0.19291873975831894,2,0.0,0.9831971751470745,22.397114699939266,169,91,412101,4,initial_shared
77,1,0.00377737565888724,22,0.0003254107662387178,3,0.5,-0.47794619727645316,0.46529199997894466,1,1189,412102,4,initial_shared
57,41,0.0044599338268562945,9,7.412740016163574e-05,2,0.5,-0.04833468478188663,0.5454528999980539,41,163,412103,4,initial_shared
1,54,5.2637930986803624e-05,26,0.002622691883210657,3,1.0,0.30369769203979324,7.887945000082254,54,1613,412104,4,initial_shared
8,331,0.01349142823435215,21,0.512169561382622,3,1.0,0.9343462786163322,6.9550371000077575,331,1093,412105,4,initial_shared
3,3,0.018342640446882528,4,0.04214574608219601,2,0.5,0.30590240686165493,0.5056605000281706,3,53,412106,4,initial_shared
8,33,2.1898632933694973e-05,28,0.39738343980796825,1,0.0,-0.5365790730273796,0.8784690999891609,33,225,412107,4,initial_shared
44,27,0.004042029359362463,8,0.0015071738205226493,2,0.5,-0.01592721693068988,0.5147151999408379,27,137,412108,4,initial_shared
30,324,2.1828302679639878e-05,16,0.0205070212462418,2,0.5,-0.403763188934811,2.3484977000625804,324,401,412109,4,initial_shared
199,285,0.00012645822663895617,24,0.00024498467574684787,3,0.5,-0.33638491819061245,1.1246912999777123,285,1393,412110,4,initial_shared
151,6,0.0005407880162644836,141,1.0274522221855083e-05,3,0.5,-0.3917752970564101,1.6766482000239193,6,41173,412111,4,initial_shared
6,2,0.0025799098004604475,20,0.0010579412488656793,3,0.0,0.5961294416356395,0.504252600017935,2,1001,412112,4,initial_shared
10,6,0.02881696923291354,81,0.029710346717271376,3,0.0,0.966051571232182,0.5992117000278085,6,13933,412113,4,initial_shared
2,395,0.002191115799892158,7,0.16352767981967264,1,0.5,0.9892256537063623,24.888100899988785,395,57,412114,4,initial_shared
2,7,0.0004484023575827671,49,1.2181188977976338e-05,2,0.0,0.7378258195872988,0.8595960999373347,7,2843,412115,4,initial_shared
5,381,0.09832817684608705,10,0.0032901242675299923,3,0.5,0.9552012962323176,12.075100000016391,381,301,412116,4,initial_shared
67,6,0.00035171494184239345,186,0.006324432794520327,3,0.5,-0.1764054763187346,0.5157813000259921,6,71053,412117,4,initial_shared
4,7,9.821600682299258e-05,45,5.708382810854877e-05,3,1.0,-0.2691741369374343,0.7676328000379726,7,4501,412118,4,initial_shared
2,27,0.0013569311899791965,41,0.454152665613944,3,0.0,0.9666840216866069,2.3943887000204995,27,3773,412119,4,initial_shared
6,4,0.0010732982923412062,8,0.204715665351196,2,0.5,-0.5992001046927267,0.4686087000882253,4,137,412120,4,initial_shared
13,35,0.004643517206647062,8,0.01796303454044735,1,1.0,0.6277032080298528,0.695767099969089,35,65,412121,4,initial_shared
3,1,7.524725593967448e-05,15,0.002071660718110894,1,0.0,-0.5695780758980786,0.3326321999775246,1,121,412122,4,initial_shared
2,6,0.01759006475976765,128,1.1949292875207652e-05,3,1.0,0.9093213502334283,0.9430844000307843,6,34049,412123,4,initial_shared
1,22,0.00034261450782312354,42,0.00041379851220842585,3,1.0,0.8984145405255827,3.5711298000533134,22,3949,412124,4,initial_shared
139,6,0.012770817728307881,9,0.0007676258486088855,3,1.0,-0.18705723483482783,0.47201230004429817,6,253,412125,4,initial_shared
4,2,0.00010109168567378743,544,2.0665688392269125e-05,2,1.0,0.1314625718525011,0.6225219999905676,2,300833,412126,4,initial_shared
9,9,0.005743870540520819,38,2.276111755756388e-05,2,1.0,0.8683538334374911,0.5649124999763444,9,1787,422027,4,guided_extension
23,230,0.06405577654130241,22,0.0001108029425234098,1,1.0,0.9911571366500453,1.8754621000261977,230,177,422028,4,guided_extension
73,63,0.0026456736828369925,14,1.4773600550462316e-05,3,0.5,-0.10958052147796704,0.7223385999677703,63,533,422029,4,guided_extension
20,15,0.0016672786785266072,64,0.04411987578451867,1,1.0,0.39006343008089517,0.45177129993680865,15,513,422030,4,guided_extension
1,23,0.003253903350753832,25,0.21927613205750812,1,1.0,0.9317423135203928,3.1383399999467656,23,201,422031,4,guided_extension
1,12,0.0437658123634987,14,0.08581147761683663,3,0.5,0.8014961211853985,2.1055239000124857,12,533,422032,4,guided_extension
4,22,0.0010280448209847631,22,0.00018040422672170896,2,0.5,0.2708739646020826,1.2033093000063673,22,683,422033,4,guided_extension
2,101,0.02444641727342018,55,3.147709769279341e-05,1,1.0,0.9860096447278273,6.688771800021641,101,441,422034,4,guided_extension
3,35,0.08362569239741859,28,0.04221196838366,2,1.0,0.7210616000782817,1.9965184000320733,35,1037,422035,4,guided_extension
22,108,0.001514579123664704,29,1.2553194208922354e-05,3,1.0,0.9826856796836559,1.4367461999645457,108,1973,422036,4,guided_extension
21,55,0.024582065407359445,53,0.02821452995901279,2,1.0,0.9957242129194617,0.8697472000494599,55,3287,422037,4,guided_extension
8,119,0.07085777107025744,10,0.13099868191398503,2,1.0,0.9402631450102705,2.5702168999705464,119,191,422038,4,guided_extension
28,9,0.007537425109999328,15,0.058840357341951706,1,1.0,0.15523921202301627,0.3777542000170797,9,121,422039,4,guided_extension
6,34,0.0017251122500991168,33,0.20275401339856194,1,1.0,0.6282925258194656,1.041970199905336,34,265,422040,4,guided_extension
153,8,0.0025022590424465677,54,0.009851542617110121,2,0.5,-0.2899604294744724,0.41883839992806315,8,3403,422041,4,guided_extension
9,22,0.08735853116697014,52,0.23727659126335365,2,1.0,0.8802896389793267,0.8086792000103742,22,3173,422042,4,guided_extension
45,262,0.001315124448071929,15,0.0015203503785428303,3,0.5,0.7864612116313243,1.7089745999546722,262,601,422043,4,guided_extension
148,217,0.010040817689024956,15,0.04364735896628785,2,0.5,0.978336594979696,0.8145408999407664,217,361,422044,4,guided_extension
36,11,0.00305809682945461,28,6.088099530375599e-05,3,0.5,-0.029364861395026143,0.5552004999481142,11,1849,422045,4,guided_extension
14,15,0.01988597082391356,13,0.0002481630410495319,3,1.0,0.9747949341293172,0.6930461999727413,15,469,422046,4,guided_extension
64,61,0.011638828976783769,4,0.00010267615186313818,2,0.5,0.27473012697081645,0.5980186000233516,61,53,432027,4,broad_extension
85,7,2.2049779970446887e-05,382,4.602260451017842e-05,3,1.0,-0.5157531278071694,0.5609174999408424,7,295669,432028,4,broad_extension
24,33,0.010639645248117663,144,1.428754528190659e-05,2,0.0,0.9801551306916452,0.7259612999623641,33,22033,432029,4,broad_extension
13,1,1.5487538364511174e-05,284,0.004198010946220149,2,0.5,-0.5816623113095263,0.41715289989952,1,83213,432030,4,broad_extension
2,7,4.543748028454435e-05,6,0.0002843800351263401,1,0.0,-0.5507011140779323,0.7583297000965104,7,49,432031,4,broad_extension
9,19,0.02315769421986949,9,0.0003356354919671946,1,0.0,0.9717914176191562,0.6217882999917492,19,73,432032,4,broad_extension
96,32,0.0023717869210155475,40,0.00139006845915632,3,0.0,0.8811919255514952,0.5963653000071645,32,3601,432033,4,broad_extension
58,3,2.213669553028182e-05,428,0.4075076991332921,2,0.0,-0.5720500519331089,0.41946549993008375,3,187037,432034,4,broad_extension
31,259,0.023787809060983836,132,0.0033288426489107704,1,0.5,0.9988048543833927,1.7557273999555036,259,1057,432035,4,broad_extension
7,1,0.04358878993896372,172,0.0194379692681321,3,0.0,0.4789066132470079,0.49688739993143827,1,60889,432036,4,broad_extension
2,62,0.0017433460164692786,77,0.08864223413153961,2,1.0,0.9828994129600309,4.704227300011553,62,6623,432037,4,broad_extension
85,32,0.0004659808884534448,135,2.0224850855222767e-05,2,0.5,-0.01891768754939882,0.5332378000020981,32,19441,432038,4,broad_extension
3,101,0.0002938596051405622,57,0.0009919868757786588,2,0.5,0.9223484220226932,5.02455720002763,101,3763,432039,4,broad_extension
6,8,0.0004540979517261254,117,1.5130439502679438e-05,1,1.0,-0.002478699898772918,0.5064794999780133,8,937,432040,4,broad_extension
256,7,0.0008523216492714343,4,0.000326827178071928,3,0.5,-0.5831731619860254,0.44966980000026524,7,73,432041,4,broad_extension
8,45,0.00028487376752997886,3,0.053657124551462126,1,0.0,-0.4200107539232789,1.1006419999757782,45,25,432042,4,broad_extension
5,48,1.3660744060150965e-05,9,0.000254560238176388,2,0.0,-0.6033699313873935,1.8209281000308692,48,163,432043,4,broad_extension
64,223,2.6805508985020396e-05,133,0.0002991667144181514,1,1.0,-0.43663624168976045,1.0830545999342576,223,1065,432044,4,broad_extension
116,97,0.027683945987023957,339,0.04249962781058465,1,0.0,0.9917070711507572,0.6336801999714226,97,2713,432045,4,broad_extension
48,1,0.0011083650007544322,9,0.17231823196612633,1,1.0,-0.5332034845929452,0.3067619999637827,1,73,432046,4,broad_extension
1,36,0.013301109480896748,99,2.471133741387257e-05,2,0.5,0.9752854159034423,5.3013519999803975,36,10693,512027,5,initial_shared
13,9,0.00020576930983777047,564,0.3012641575598919,1,0.5,-0.08321220029196352,0.4538818000582978,9,4513,512028,5,initial_shared
74,202,0.0056968443947467634,4,8.229932749603191e-05,2,0.0,0.9608889669425945,1.004152600071393,202,53,512029,5,initial_shared
5,98,0.03299440851113553,20,0.0721331856313151,1,0.5,0.9934096000915765,3.0254231001017615,98,161,512030,5,initial_shared
9,1,0.003206022823013419,100,0.03608115230723888,1,1.0,-0.31013760614080566,0.32840280001983047,1,801,512031,5,initial_shared
84,1,0.020552841469835423,8,0.0403955483485387,2,0.0,-0.5841901159944523,0.3803226000163704,1,137,512032,5,initial_shared
48,123,4.453929084831049e-05,29,4.034997869720511e-05,2,0.0,-0.5163225079620264,0.9500596999423578,123,1103,512033,5,initial_shared
20,1,7.189142740264083e-05,5,0.086967179921145,1,0.5,-0.5901826867758297,0.31187139998655766,1,41,512034,5,initial_shared
6,2,5.358427401545604e-05,428,0.004101401692641342,3,0.5,-0.15424730249421637,0.6012285000178963,2,370649,512035,5,initial_shared
6,2,8.342662301952669e-05,9,0.0002612137704062555,2,0.5,-0.6325000819612656,0.42196700000204146,2,163,512036,5,initial_shared
2,6,0.003814745217124186,13,0.1656884321823632,1,0.5,0.34954480463234494,0.6626139999134466,6,105,512037,5,initial_shared
76,2,0.0017013815704345278,70,5.4831959776627746e-05,2,1.0,-0.45671531414921107,0.39811009995173663,2,5531,512038,5,initial_shared
2,3,0.00209387886834199,8,0.6982445004154825,2,0.0,-0.43666996011507875,0.5767418000614271,3,137,512039,5,initial_shared
1,45,0.04914089922654803,5,0.07906014026152533,2,0.0,0.9615019203130994,6.198765399982221,45,71,512040,5,initial_shared
5,56,0.05798686061913763,27,0.0016987486324429968,1,1.0,0.9795178282535751,1.891353000071831,56,217,512041,5,initial_shared
2,10,0.035223239221577524,434,0.1411831601765199,1,1.0,0.8427407583539808,0.9499976000515744,10,3473,512042,5,initial_shared
98,268,0.0007919932334531644,16,0.00014335133665097823,1,1.0,0.2716066412902134,0.926954000024125,268,129,512043,5,initial_shared
232,3,2.6702967408796896e-05,12,0.0022313108056626163,1,0.0,-0.6173634795226381,0.314314299961552,3,97,512044,5,initial_shared
40,109,0.006898584132844026,250,0.016152685843304378,2,0.5,0.9861201398733801,1.3384586999891326,109,64751,512045,5,initial_shared
3,39,0.00040928491258571624,80,0.001345612837236894,1,1.0,0.5502068794305242,1.9820179999805987,39,641,512046,5,initial_shared
78,2,0.0065331502802015145,5,0.0003018566650588781,1,0.0,-0.5772505477912577,0.31962160009425133,2,41,512047,5,initial_shared
6,53,0.030735383208022455,90,0.007271215943316785,3,1.0,0.9335741487141362,1.918073800043203,53,17101,512048,5,initial_shared
1,13,0.035793246939080266,30,0.04401505272616965,3,1.0,0.8681885873551566,2.304469999973662,13,2101,512049,5,initial_shared
25,53,0.00011798680370990606,266,0.02541758403424746,2,0.0,0.7196064361429237,1.0062752000521868,53,73151,512050,5,initial_shared
24,152,0.012488501976081836,19,0.00019951373445492023,1,0.0,0.9925928159984166,1.3211484999628738,152,153,512051,5,initial_shared
5,6,0.06884523586818267,458,0.002501978981127376,2,0.0,0.6619050185009281,0.8767570999916643,6,213887,512052,5,initial_shared
6,6,6.351653865367472e-05,3,0.003796869566164789,2,1.0,-0.6214760380571156,0.5266924999887124,6,37,512053,5,initial_shared
14,4,0.0025016464424686548,23,0.0007148222135096521,1,1.0,-0.25640814943343604,0.3620670000091195,4,185,512054,5,initial_shared
22,2,3.6399293554870965e-05,19,0.08132675368456539,2,0.0,-0.5902939812702284,0.40232260001357645,2,533,512055,5,initial_shared
223,19,0.0004481836751465306,8,0.001055345613127863,2,1.0,-0.5676843869145234,0.4342807000502944,19,137,512056,5,initial_shared
38,2,0.008505937411060201,53,0.014481968930176505,1,0.5,-0.25316032300753255,0.32175929995719343,2,425,512057,5,initial_shared
55,48,1.1519290434590385e-05,19,0.008761285417783805,1,0.0,-0.5244451958066889,0.5004096000920981,48,153,512058,5,initial_shared
105,3,0.023257147269691063,69,0.0010409768817244839,3,1.0,0.21037942820169053,0.4893111999845132,3,10213,512059,5,initial_shared
7,3,0.02965735904150015,24,0.00027863057299801593,1,0.0,0.8390375237670141,0.3841996999690309,3,193,512060,5,initial_shared
23,7,0.00013231628812108626,6,0.004989226171974627,1,1.0,-0.5627060699974271,0.3658679999643937,7,49,512061,5,initial_shared
24,61,0.0003197641865884293,6,0.0014785705070271232,3,1.0,-0.3503728580586749,0.9527754000155255,61,133,512062,5,initial_shared
7,3,5.6362206479102106e-05,17,0.0050104889109565095,1,0.0,-0.5372096391516437,0.3843345999484882,3,137,512063,5,initial_shared
237,6,2.982659949522216e-05,70,0.001062100833857545,2,0.5,-0.5876769291987158,0.3983050000388175,6,5531,512064,5,initial_shared
5,16,2.6750351310853238e-05,4,1.714073272924685e-05,1,1.0,-0.643636343347119,0.7554428000003099,16,33,512065,5,initial_shared
15,271,0.0012985103827388635,56,0.04346859581830727,2,0.0,0.9914244659754748,3.685738999978639,271,3641,512066,5,initial_shared
1,9,0.0014391499917564433,16,5.8250840562169354e-05,1,1.0,0.4445040550348085,1.4144703999627382,9,129,512067,5,initial_shared
167,10,0.00029223681677470497,387,0.00016776964850780097,3,0.5,-0.07893750753963769,0.5584385999245569,10,303409,512068,5,initial_shared
19,1,0.0030638336056015483,444,2.1914984800433025e-05,1,0.5,-0.013671073375800535,0.31581800000276417,1,3553,512069,5,initial_shared
58,136,0.0358370281742057,20,0.0001363945664866111,3,1.0,0.9852149165148734,1.037472700001672,136,1001,512070,5,initial_shared
1,267,0.0006022792417426739,11,0.0012969125492927182,2,1.0,0.9964849313053064,34.861480699968524,267,221,512071,5,initial_shared
4,217,0.08447133137670983,47,0.5855707815632378,3,0.0,-0.005538560615263366,9.344008899992332,217,4889,512072,5,initial_shared
7,23,1.3153805786023529e-05,17,0.00012479581796794145,2,1.0,-0.5353829955188247,0.8988942999858409,23,443,512073,5,initial_shared
2,56,0.0017451498953917424,368,0.00010931657530131919,1,0.5,0.9071454003029369,5.382481900043786,56,2945,512074,5,initial_shared
19,346,0.00551730060428554,60,0.13029734098073292,2,0.5,0.9924877659305562,3.5096255999524146,346,4141,512075,5,initial_shared
4,8,0.03823211236569213,458,1.2435013602053256e-05,3,0.0,0.9524426911222722,1.5297564999200404,8,424109,512076,5,initial_shared
1,3,8.630155903370102e-05,8,0.0006922848003556973,2,0.5,-0.45959013209748845,0.7702206000685692,3,137,512077,5,initial_shared
227,48,0.0009922665734037946,486,3.421307198315021e-05,1,1.0,0.392112726561758,0.47178620006889105,48,3889,512078,5,initial_shared
233,125,0.0041288258025626795,4,0.6305109208800916,2,0.5,-0.3396274053150863,0.6449354999931529,125,53,512079,5,initial_shared
9,2,0.01959140367297512,64,0.0020673667184339674,2,0.5,0.09124004749374781,0.4407794000580907,2,4673,512080,5,initial_shared
7,2,0.022645764926290217,13,0.0005078141802469374,1,1.0,0.4005028652278092,0.3596337999915704,2,105,512081,5,initial_shared
251,118,0.0030869497784564316,156,0.14285740029369393,3,0.5,-0.004970300472022515,0.8384744999930263,118,50233,512082,5,initial_shared
134,1,0.0022889501132521872,8,0.07269483891913499,3,0.5,-0.5047522798250264,0.45386609993875027,1,209,512083,5,initial_shared
102,7,0.062368024956796456,152,0.6448259434774976,2,0.0,0.8232079600845545,0.421922400011681,7,24473,512084,5,initial_shared
15,3,0.002116690383217255,92,0.12044223973145556,3,0.5,-0.012276953079315645,0.5198538000695407,3,17849,512085,5,initial_shared
1,5,0.08946775318785123,120,0.000252236836119639,3,0.5,-0.10365725364610334,1.2522868999512866,5,30001,512086,5,initial_shared
148,2,0.0002886620715683193,341,0.002042287015508614,2,1.0,-0.5223780622511305,0.39662110002245754,2,119351,512087,5,initial_shared
43,12,4.97782672859535e-05,85,0.0012350447977135307,2,0.0,-0.5872070146674182,0.4698789999820292,12,7991,512088,5,initial_shared
4,5,0.004352994704566158,9,0.4331934806074284,1,1.0,0.007471251492955466,0.5004126999992877,5,73,512089,5,initial_shared
36,13,2.8638369889029907e-05,98,8.109867240242686e-05,1,0.5,-0.5521575695402055,0.38915810000617057,13,785,512090,5,initial_shared
1,8,0.00011246728795174004,37,0.0378066248073631,2,0.5,-0.1853906070271245,1.4459910000441596,8,1703,512091,5,initial_shared
89,1,0.00021896478769488446,273,0.11253863084007715,3,0.0,-0.5763877722101258,0.46868420008104295,1,151789,512092,5,initial_shared
237,3,0.0011566094266344932,73,0.036596831258074516,3,1.0,-0.47732152129361305,0.5424870999995619,3,11389,512093,5,initial_shared
3,2,0.08630790664734686,443,0.0005403401300175741,3,1.0,-0.8542142753866016,0.7627552000340074,2,396929,512094,5,initial_shared
136,29,0.0011663058246872632,55,0.002730988916525267,1,0.5,-0.45368265866911184,0.3765503999311477,29,441,512095,5,initial_shared
167,156,3.773286044650848e-05,47,0.05108320921015851,3,0.5,-0.48599358305761453,0.8940815000096336,156,4889,512096,5,initial_shared
238,28,6.118264258356735e-05,205,0.017851463598770604,2,0.5,-0.3608975576811624,0.48899270000401884,28,43871,512097,5,initial_shared
118,14,0.02335262872257584,28,0.002241094750135333,2,0.0,0.8920366079103156,0.4400303999427706,14,1037,512098,5,initial_shared
2,159,0.09884547704529632,4,0.005033969152256793,3,1.0,0.36148627924699983,11.834409900009632,159,73,512099,5,initial_shared
84,17,0.0002123786108160287,19,0.005925804481503394,3,0.0,-0.5923906752340395,0.5423420000588521,17,913,512100,5,initial_shared
5,3,0.07359452553927902,90,0.23085937510043406,1,0.0,0.8850060590329236,0.41761649993713945,3,721,512101,5,initial_shared
2,10,0.00017580323334836088,8,0.00019463186998429631,1,0.0,-0.5858915840762215,0.9481673999689519,10,65,512102,5,initial_shared
45,24,0.0028729759572501106,78,4.3565931009532475e-05,1,1.0,0.5300721895094371,0.46367819991428405,24,625,512103,5,initial_shared
210,78,9.136269297921581e-05,350,0.009630789079590439,1,0.5,-0.3230581776627435,0.5524725000141189,78,2801,512104,5,initial_shared
59,2,0.0020160725842206816,14,0.005649702165825296,1,0.5,-0.5890410518866407,0.31759680004324764,2,113,512105,5,initial_shared
2,142,0.005468309128214822,7,0.038710819936510404,1,1.0,0.978319914109331,9.780226800008677,142,57,512106,5,initial_shared
2,106,0.0002159802462926727,4,0.008077419994557723,3,1.0,0.15711885133507997,8.412218900048174,106,73,512107,5,initial_shared
26,111,0.008148568943908818,20,1.351280249471331e-05,3,1.0,0.9926136519927266,1.333020000020042,111,1001,512108,5,initial_shared
5,30,0.0019112613362840315,108,0.0015949313162787635,2,1.0,0.9872308571596785,1.4296604000264779,30,12637,512109,5,initial_shared
5,1,0.015283472603388183,14,0.0009390376845789496,2,0.0,0.6540456159140035,0.435242599924095,1,323,512110,5,initial_shared
3,5,0.00028619681266858445,4,0.6819630566234685,2,0.0,-0.6513712971754182,0.623491800040938,5,53,512111,5,initial_shared
14,23,1.1508211627837744e-05,40,0.20076782519937472,1,0.0,-0.5593527479603106,0.5808274000883102,23,321,512112,5,initial_shared
251,17,0.0004172177653355177,22,4.1495108102422435e-05,2,0.0,-0.56234370607919,0.413306099944748,17,683,512113,5,initial_shared
8,46,0.08754392914141482,3,1.5043787839714412e-05,1,0.0,0.9856999827797273,1.1352352000540122,46,25,512114,5,initial_shared
155,2,0.0006090074982803376,29,6.557676015868313e-05,2,1.0,-0.5666372469459062,0.3926396999740973,2,1103,512115,5,initial_shared
64,155,0.0001943765020979334,14,4.2907532458046154e-05,1,0.0,-0.5571796591193707,0.797368299914524,155,113,512116,5,initial_shared
3,20,0.002747334352437699,159,0.6636622095792838,3,0.5,0.9171655461937833,1.6289352000458166,20,52153,512117,5,initial_shared
145,2,0.00017865996283607973,86,0.0007318552417601794,3,0.5,-0.478794584770317,0.4792302999412641,2,15653,512118,5,initial_shared
17,58,1.0845759305810653e-05,45,7.304659990204063e-05,3,0.0,-0.5236458480784507,1.1477558000478894,58,4501,512119,5,initial_shared
134,254,1.2608522042718358e-05,124,0.08163182833668516,2,1.0,-0.48960110637463794,1.1929728999966756,254,16493,512120,5,initial_shared
153,139,0.06523041443930318,169,0.0003563975441885394,2,0.0,0.9977317505956828,0.8923449999419972,139,30083,512121,5,initial_shared
3,258,0.0030967404753499436,5,0.3353101581057358,2,0.0,0.9143820829395873,12.587513700011186,258,71,512122,5,initial_shared
17,18,0.017799335286337405,7,0.052626174373974675,2,0.0,0.9635417931352251,0.5917060000356287,18,113,512123,5,initial_shared
109,5,0.0016724752784198474,142,0.2179551940264136,2,0.0,-0.18881722803308354,0.41324399993754923,5,21443,512124,5,initial_shared
12,27,0.013726985137719161,297,0.3006323043252144,2,1.0,0.9674776149445521,0.9950481000123546,27,90883,512125,5,initial_shared
194,44,0.036003773629312175,107,0.001698455791160994,3,1.0,0.9742084096585643,0.641641299938783,44,23969,512126,5,initial_shared
9,28,0.027402681520247954,253,7.542412374520153e-05,2,0.0,0.8361007976347798,1.0968472000677139,28,66287,522027,5,guided_extension
67,5,0.06853827888205816,50,1.4507283440584087e-05,2,0.0,0.9332461547449454,0.4137650999473408,5,2951,522028,5,guided_extension
4,68,0.033106129695354675,148,0.02367248578668452,2,0.0,0.9900827750107901,3.2894085999578238,68,23237,522029,5,guided_extension
72,73,0.03951400222372669,58,7.728945353425148e-05,2,0.5,0.9920275852200332,0.6933062999742106,73,3887,522030,5,guided_extension
137,198,0.025980106562778264,65,0.0021791266935297197,2,0.5,0.9972882683548517,0.926801500027068,198,4811,522031,5,guided_extension
5,25,0.08208773858781908,114,0.00041460553532960494,1,0.5,0.9861613157912471,1.0423743999563158,25,913,522032,5,guided_extension
1,43,0.0516333200182017,9,1.3272666499033416e-05,2,0.0,0.9758077523403169,6.2205272000283,43,163,522033,5,guided_extension
1,20,0.04020413894676806,7,0.21881020561729414,2,0.5,0.9387528350614931,3.179657300002873,20,113,522034,5,guided_extension
22,20,0.07842026671971894,15,0.029866138546639238,2,0.0,0.9387266797805472,0.5727272999938577,20,361,522035,5,guided_extension
3,138,0.04186169524680569,29,0.005556474971830265,2,0.0,0.9634507054024106,7.024131500045769,138,1103,522036,5,guided_extension
5,14,0.06877306076013986,225,0.19378051914850647,3,0.5,-0.06476015225933573,1.1345047999639064,14,103501,522037,5,guided_extension
5,63,0.036094252025855804,43,0.01437650757157073,2,0.5,0.9926354535756772,2.453339700005017,63,2237,522038,5,guided_extension
1,16,0.03419562444196543,31,3.0115147040490503e-05,2,0.5,0.983152254839447,2.6721090000355616,16,1241,522039,5,guided_extension
3,7,0.028077497871755765,14,0.003968140762434288,1,0.5,0.9482222269885864,0.616569000063464,7,113,522040,5,guided_extension
4,65,0.06100910170994826,145,0.013501420622805202,1,0.5,0.9758062727244825,2.618455999996513,65,1161,522041,5,guided_extension
157,173,0.08882384563881633,62,0.00330522394041032,1,0.5,0.9962884517580275,0.6746959000593051,173,497,522042,5,guided_extension
22,129,0.04382104512803817,249,0.1993866416230857,2,0.0,0.972370931853049,2.2066438000183553,129,64243,522043,5,guided_extension
3,164,0.066748716863417,9,0.02366148033196645,2,0.0,0.9673818956442349,9.11815450002905,164,163,522044,5,guided_extension
20,8,0.07247491583474207,7,0.020659227972980896,1,0.5,0.7680058669639919,0.44777410000097007,8,57,522045,5,guided_extension
137,5,0.04818074938110432,9,0.14621517800634856,1,0.5,-0.22056943609708912,0.3856400999939069,5,73,522046,5,guided_extension
29,62,0.0683210561529875,5,0.022341561081861833,2,0.0,0.9851139106326801,0.8989723999984562,62,71,532027,5,broad_extension
7,2,0.0005863736812892672,293,0.00026905269608551696,3,0.5,-0.0058631919170455404,0.6039301001001149,2,174629,532028,5,broad_extension
25,280,0.030540213768256906,25,0.6351563614030018,2,1.0,0.9002636932532675,2.6164662000956014,280,851,532029,5,broad_extension
22,214,0.07082393234125683,104,0.001373769354817747,3,0.0,0.9903846553646126,3.063628299976699,214,22673,532030,5,broad_extension
4,12,0.03514526291952331,77,0.0013562314383883756,3,1.0,0.8061487955153387,1.1150852999417111,12,12629,532031,5,broad_extension
8,17,4.063124405106648e-05,251,0.0003742326753539055,2,0.0,-0.11025878338804729,0.9561063000001013,17,65261,532032,5,broad_extension
2,160,0.0026109208883859855,39,0.1965622077218792,2,1.0,0.9666864225567944,12.440895300009288,160,1873,532033,5,broad_extension
3,9,0.0020485688476311503,108,4.597284866840321e-05,2,1.0,0.8408177409287472,0.8502367999171838,9,12637,532034,5,broad_extension
245,2,0.0036419863901811333,5,0.013891096532081114,2,0.5,-0.6003432390549102,0.3871953999623656,2,71,532035,5,broad_extension
4,54,1.1896180175053816e-05,19,0.018057118964924925,2,0.5,-0.5065074857003573,2.450162500026636,54,533,532036,5,broad_extension
2,8,0.0011929037410696695,28,0.23146979901840106,2,1.0,0.38402334303696395,1.0044416999444366,8,1037,532037,5,broad_extension
124,231,0.00012314619091866597,91,4.223771634793133e-05,3,0.0,0.775516725156401,1.3066413000924513,231,17473,532038,5,broad_extension
24,2,2.772746453954434e-05,263,0.00013029532139917057,2,1.0,-0.5756837977901152,0.4267806999851018,2,71537,532039,5,broad_extension
98,5,0.013210869000470193,177,0.002524119637481583,1,0.5,0.09027696320930823,0.3299975999398157,5,1417,532040,5,broad_extension
27,310,0.0007442187308014169,6,0.02596056550447188,1,0.0,0.7164539414812721,2.3001973000355065,310,49,532041,5,broad_extension
170,153,0.0006874630997943979,13,0.3201260609210605,1,1.0,-0.34059414672884003,0.6096796999918297,153,105,532042,5,broad_extension
5,57,0.003323641485635635,292,0.3082087514464363,2,0.0,0.9788839706950281,2.9664651000639424,57,87893,532043,5,broad_extension
4,213,0.009444739325891688,103,1.1418792518604587e-05,3,0.5,0.9872496947333148,10.212174199987203,213,22249,532044,5,broad_extension
14,54,0.00022968920886226403,12,0.018555895247133875,2,0.5,-0.3700975984792003,1.042017300031148,54,253,532045,5,broad_extension
115,6,4.1187058860521875e-05,193,0.1194709545792977,1,0.5,-0.6583282532599815,0.3251809999346733,6,1545,532046,5,broad_extension
45,8,0.005085350180144713,12,0.32120575743493496,2,0.0,0.04434450173901339,0.4336078999331221,8,253,612027,6,initial_shared
160,2,1.8464630857069266e-05,290,2.8445213008096346e-05,1,1.0,-0.6085493243760787,0.3127573999809101,2,2321,612028,6,initial_shared
24,141,0.00012005091694291799,206,0.6526463362970074,2,1.0,0.540853517471801,1.9769197999266908,141,44291,612029,6,initial_shared
2,3,0.0010365889365470374,14,0.00015718846739123991,3,0.0,0.6292972311478979,0.7025921999011189,3,533,612030,6,initial_shared
56,10,0.0017413368332951193,5,0.3756801803308676,1,0.5,-0.6152981312818002,0.3569198000477627,10,41,612031,6,initial_shared
141,41,3.381998994353393e-05,55,4.4196728014837415e-05,2,0.0,-0.5804979586948067,0.5112510999897495,41,3521,612032,6,initial_shared
5,21,0.08137128997355571,52,0.47953880195067294,3,0.5,0.6992676668807032,1.2218233000021428,21,5929,612033,6,initial_shared
22,79,0.00034994908209128836,20,0.0001619119379487235,3,0.0,0.8203878633083138,1.2069658999098465,79,1001,612034,6,initial_shared
22,2,0.01669679540171672,272,1.0496497096715171e-05,2,1.0,0.38245130993367094,0.42873929999768734,2,76433,612035,6,initial_shared
49,9,0.003271725457458977,452,0.0009132289596021035,1,0.5,0.1466942254147,0.36191139998845756,9,3617,612036,6,initial_shared
17,85,0.007479261600785557,15,0.0029199220935106278,2,0.0,0.99297179024731,1.27768699999433,85,361,612037,6,initial_shared
1,208,0.00026961686569068404,18,0.18092040056873093,2,0.0,0.9740471461032153,29.894079000107013,208,487,612038,6,initial_shared
69,261,0.07222650969565556,229,0.00015362184219981805,1,1.0,0.9966557385665283,1.4159327999223024,261,1833,612039,6,initial_shared
44,25,0.0003675192912006686,11,1.775865514861013e-05,1,0.5,-0.6433721578500122,0.4316324999090284,25,89,612040,6,initial_shared
102,16,0.025626026556426415,47,0.0010709483628007883,1,0.5,0.5084591281519228,0.35888990003149956,16,377,612041,6,initial_shared
233,2,2.9858690067476473e-05,475,0.549832507074079,3,0.0,-0.6124111706029289,0.49150440003722906,2,456001,612042,6,initial_shared
4,3,0.0039653370423617315,42,0.00021711644735672951,3,0.5,-0.03132480282381711,0.6347595999250188,3,3949,612043,6,initial_shared
77,39,0.0013384318954093404,3,0.004488192224108049,3,1.0,-0.5411933136076896,0.6319895000196993,39,49,612044,6,initial_shared
16,2,0.0058589763816675,188,0.526876684595824,2,0.0,0.8010771253175969,0.4324281000299379,2,37037,612045,6,initial_shared
5,25,0.06052734656234503,237,0.013523089916431448,1,0.0,0.9642846054967087,1.1055236000102013,25,1897,612046,6,initial_shared
4,2,0.04119522440187996,34,7.789957190617543e-05,3,0.5,-0.03846248238381422,0.5929041999625042,2,2653,612047,6,initial_shared
3,23,0.00019720777410306428,595,0.0024049223836013437,3,0.0,0.9774696350450426,5.078835399937816,23,714001,612048,6,initial_shared
176,8,2.7585001495656607e-05,12,0.10021954147557766,3,0.5,-0.4687924796975451,0.4860188999446109,8,409,612049,6,initial_shared
202,9,0.0018643825562993691,444,0.00014157339433578013,2,1.0,0.28950651554297246,2.1236873000161722,9,201133,612050,6,initial_shared
56,2,0.01087161648206494,10,0.039614122903210605,3,0.5,-0.3318608094565556,0.48415819997899234,2,301,612051,6,initial_shared
5,170,2.8768779379040912e-05,5,0.0001005696125461304,2,0.5,-0.597040545109768,5.557217900059186,170,71,612052,6,initial_shared
36,121,0.0016114157685390529,52,0.2997931269928857,2,0.0,0.9712235320980828,1.0657428000122309,121,3173,612053,6,initial_shared
24,1,0.013328483943133854,123,0.5754534301019564,1,0.5,0.03642684177776612,0.3219062000280246,1,985,612054,6,initial_shared
93,3,0.0024836252804867846,68,0.0002274097332030171,2,0.0,-0.29692693048239827,0.4012596000684425,3,5237,612055,6,initial_shared
19,166,0.005114382626501217,197,0.0017897035219271741,2,0.5,0.9970621439135445,2.422312300070189,166,40583,612056,6,initial_shared
79,113,0.000187668072901307,6,0.25913778995400066,1,0.0,-0.5650383576877647,0.6624323000432923,113,49,612057,6,initial_shared
73,122,0.009494731851343495,4,0.004269002154283321,2,0.5,0.5154540520166895,0.7946541999699548,122,53,612058,6,initial_shared
20,49,0.0010211790823663738,3,0.3829792837870822,3,0.5,-0.3797087202864844,0.9371349000139162,49,49,612059,6,initial_shared
107,145,0.005183439335545851,13,0.36332155615272266,3,1.0,0.7689387331790412,0.9065302999224514,145,469,612060,6,initial_shared
3,2,0.0004813382301118044,31,0.21257421724523412,3,1.0,-0.4331415837334718,0.5685633000684902,2,2233,612061,6,initial_shared
10,4,1.2656031487743521e-05,87,0.0004398949728045545,3,0.0,-0.6200808216022065,0.5778009999776259,4,16009,612062,6,initial_shared
4,20,8.195542022789314e-05,13,0.0011047613525181684,1,0.0,-0.41132073228049393,1.0267142999218777,20,105,612063,6,initial_shared
19,59,2.1633063287466594e-05,42,0.021468171660546417,3,1.0,-0.4495267216404035,1.0742501999484375,59,3949,612064,6,initial_shared
162,50,0.021832916828252714,326,0.27973335998765775,2,1.0,0.9706983632319384,0.6900436000432819,50,109211,612065,6,initial_shared
67,3,0.00013847729266559735,303,1.794513550955283e-05,3,0.5,-0.4577466122658356,0.49681010004132986,3,186649,612066,6,initial_shared
94,1,0.011199777668874472,5,0.0113512761219761,1,0.0,-0.6646714885379683,0.3072645999491215,1,41,612067,6,initial_shared
43,3,4.129759303620864e-05,270,0.0002475074671650871,3,0.5,-0.520460572115341,0.5120488000102341,3,148501,612068,6,initial_shared
58,303,0.0007044756600072469,145,3.1722282315558374e-05,2,0.0,0.9944864081569571,2.1365303000202402,303,22331,612069,6,initial_shared
100,10,0.0021409333055261394,8,0.671042582240167,3,1.0,-0.5734171601423315,0.5082951000658795,10,209,612070,6,initial_shared
80,2,0.000603366044217233,26,0.00011328176009033116,2,1.0,-0.607809933920421,0.3993717000121251,2,911,612071,6,initial_shared
55,45,7.047301283396481e-05,325,0.0011918489355585398,3,0.5,-0.013123753130838578,1.0213102999841794,45,214501,612072,6,initial_shared
14,4,7.207394926578142e-05,3,0.003270203435045858,1,0.5,-0.6338645278196522,0.36745349992997944,4,25,612073,6,initial_shared
2,8,0.009511045304755335,481,0.002890540223129764,2,1.0,0.9576503457880148,1.9881112000439316,8,235691,612074,6,initial_shared
229,34,1.5470384965977345e-05,243,0.0165637376490869,1,0.0,-0.6086191419509479,0.4079857000615448,34,1945,612075,6,initial_shared
3,14,0.0007515753837276784,541,0.6240269672893578,1,0.5,0.5380457899143382,0.9417283000657335,14,4329,612076,6,initial_shared
38,18,4.714117566309734e-05,75,0.09786139333555549,2,1.0,-0.5186375507155414,0.5205600999761373,18,6301,612077,6,initial_shared
2,22,0.00038246246531449,397,0.5936069052698241,3,0.0,0.9468770460240795,5.436988300061785,22,319189,612078,6,initial_shared
235,1,0.0006100154072084079,28,0.02910222413829878,2,0.5,-0.7643704149257069,0.3919200000818819,1,1037,612079,6,initial_shared
52,2,0.0006230809228943003,355,0.0033155327855917795,2,0.0,-0.3826638297050473,0.41389349999371916,2,129221,612080,6,initial_shared
54,49,0.0009120724496529608,7,0.009801892922865282,3,0.5,-0.32214086849823254,0.694214400020428,49,169,612081,6,initial_shared
6,11,2.8228422966288816e-05,10,2.1440335904494193e-05,1,0.0,-0.44699501670714925,0.5493958001025021,11,81,612082,6,initial_shared
2,8,0.022671086854708204,8,1.209956475908427e-05,1,1.0,0.9261650894510448,0.7996773000340909,8,65,612083,6,initial_shared
4,20,0.0039192944787632515,37,0.0010125915067891633,3,1.0,0.9583990127508875,1.333204900030978,20,3109,612084,6,initial_shared
8,3,0.004255296557732103,85,0.0012730043934756489,3,0.0,0.9432508921821188,0.5656927999807522,3,15301,612085,6,initial_shared
13,2,2.493122947239355e-05,220,0.0005440097548968463,1,0.5,-0.6570089962039165,0.3484814000548795,2,1761,612086,6,initial_shared
6,113,9.954120221858572e-05,75,0.002165746494169891,1,1.0,0.5233526025749308,2.932194900000468,113,601,612087,6,initial_shared
2,3,0.017089241101479954,40,0.0022518251241435082,1,0.5,0.7971338371743355,0.5061525000492111,3,321,612088,6,initial_shared
27,5,0.00016155421533323573,17,0.0018081399873330778,2,0.0,-0.6234025277716282,0.4350649999687448,5,443,612089,6,initial_shared
14,4,0.007842269819488832,70,2.9416578150557517e-05,3,1.0,0.4122929477861945,0.5487602000357583,4,10501,612090,6,initial_shared
134,1,0.006004160947056647,185,0.0009081324141280743,2,0.5,-0.21083374265838373,0.38121830008458346,1,35891,612091,6,initial_shared
25,16,0.00042185673501904684,124,1.1292259508777045e-05,3,0.0,0.8574207649833987,0.6623790999874473,16,31993,612092,6,initial_shared
8,10,0.001950101211594576,190,3.0662864641974926e-05,2,0.5,0.6816952376612149,0.6603819000301883,10,37811,612093,6,initial_shared
96,71,0.0038074189430123803,228,6.843482209699419e-05,2,0.0,0.9941170332613352,0.7468284000642598,71,54037,612094,6,initial_shared
11,19,0.0009493371634384034,8,0.014183836701465606,2,1.0,-0.07058436278600033,0.6988146000076085,19,137,612095,6,initial_shared
7,1,0.05514842967971929,21,0.18899959292580037,1,1.0,0.47298487657278276,0.34575620002578944,1,169,612096,6,initial_shared
2,4,0.0037464013464126745,7,0.055690448835451094,1,1.0,0.030502299715486014,0.5840133000165224,4,57,612097,6,initial_shared
8,4,0.0012406987728827764,3,0.05311905466078593,1,0.0,-0.6225318880666593,0.39887360006105155,4,25,612098,6,initial_shared
13,102,2.101469241744535e-05,50,2.2067647517268107e-05,2,0.0,-0.26966819781534546,1.7239231000421569,102,2951,612099,6,initial_shared
8,330,0.0014690889444659958,82,1.6655824829570163e-05,2,1.0,0.9985285552031917,7.380790899973363,330,7463,612100,6,initial_shared
6,7,0.0007993302752840572,4,2.718861242958796e-05,2,0.0,-0.3567391400591824,0.558342200005427,7,53,612101,6,initial_shared
2,6,0.00021324041628491427,22,0.48438039494236496,1,0.0,-0.45304895523778077,0.6962334000272676,6,177,612102,6,initial_shared
220,19,0.0005885678299599284,62,0.0005653182046212692,3,0.0,-0.42812611408743173,0.5440435000928119,19,8309,612103,6,initial_shared
124,40,1.7805928105556997e-05,18,0.020990098527253327,3,0.5,-0.7157916354514606,0.5797919000033289,40,829,612104,6,initial_shared
12,237,0.00027010757214636876,17,1.04699878814102e-05,2,1.0,0.6326128809997082,3.7329791999654844,237,443,612105,6,initial_shared
48,6,0.0033629012738576095,280,0.005628268335243203,1,1.0,0.3045880153988595,0.3588238999946043,6,2241,612106,6,initial_shared
110,72,0.001057047907913117,35,0.12394490084306599,2,1.0,0.3158878176412093,0.6323009000625461,72,1541,612107,6,initial_shared
4,205,0.00015028011891322953,4,1.1063746087304795e-05,1,0.5,0.04794751149344778,7.465964799979702,205,33,612108,6,initial_shared
163,129,0.024965675433280956,5,0.17275026137019367,1,1.0,0.7886157887480293,0.5567097999155521,129,41,612109,6,initial_shared
1,2,0.009299295180913901,18,0.08202896086483331,2,0.0,0.877144969797014,0.6650654000695795,2,487,612110,6,initial_shared
6,5,0.0021500783166925265,24,0.4172146230447598,3,0.5,-0.1852106727714118,0.611015300033614,5,1393,612111,6,initial_shared
2,3,0.0021437067233765106,35,8.270147418332963e-05,2,0.0,0.8336827206001252,0.6112046000780538,3,1541,612112,6,initial_shared
4,42,0.030225390384462425,3,0.0019123048207523568,2,1.0,0.9885833024701812,1.983106300001964,42,37,612113,6,initial_shared
12,100,0.010228623983742486,5,9.645415775647413e-05,2,0.0,0.9947869099150441,1.7386191999539733,100,71,612114,6,initial_shared
1,41,0.0003592768902648217,33,0.08257377902433029,1,1.0,0.5688267711592851,5.631631400086917,41,265,612115,6,initial_shared
125,9,0.0023417023123606124,42,0.031956683524247444,3,1.0,-0.15920137938417112,0.49912990001030266,9,3949,612116,6,initial_shared
9,3,1.6685847984852056e-05,238,1.1756260608805375e-05,2,0.5,-0.5409072336652676,0.4862343999557197,3,58787,612117,6,initial_shared
183,46,0.0002243192890005589,13,0.5289288076856641,1,1.0,-0.6044416476117405,0.41335399996023625,46,105,612118,6,initial_shared
22,8,0.0003999736239049916,185,0.0002580995935656173,1,1.0,-0.427304411202734,0.40204049996100366,8,1481,612119,6,initial_shared
3,17,0.0022606313523646114,17,0.00044359877071397,2,0.0,0.9483094674260178,1.19450440001674,17,443,612120,6,initial_shared
16,3,0.014018236873753889,8,0.003338297946914962,1,1.0,-0.09443382640840636,0.3479069999884814,3,65,612121,6,initial_shared
7,197,0.0005630035825778629,27,2.9832792971548906e-05,3,0.0,0.9958436315274307,5.4335480000590906,197,1729,612122,6,initial_shared
250,2,0.06760431990201296,495,2.9298099891855783e-05,1,0.0,0.3312597419389476,0.30917310004588217,2,3961,612123,6,initial_shared
2,3,0.009007832235159344,128,0.051844937797602034,2,1.0,0.8665938870352446,0.6181189001072198,3,17537,612124,6,initial_shared
7,1,0.0001410670707564314,20,0.0273794062182555,3,0.5,-0.5353470830035711,0.5030275998869911,1,1001,612125,6,initial_shared
2,28,0.00019445630148208853,497,0.0008142458475880759,1,1.0,0.6246334130727476,2.1626738999038935,28,3977,612126,6,initial_shared
5,231,0.008068846725948313,26,0.001187658202380965,1,0.5,0.9976959935423412,7.114710099995136,231,209,622027,6,guided_extension
1,92,0.0003096660636334642,58,7.300423974340271e-05,2,0.5,0.9876254904229584,13.400365700013936,92,3887,622028,6,guided_extension
22,137,0.001414228644062872,74,0.01230066168928114,2,0.5,0.9820863200190811,1.6034447000129148,137,6143,622029,6,guided_extension
70,284,0.014816701047567453,95,0.004923495177045056,2,1.0,0.9941750604612847,1.6266294000670314,284,9881,622030,6,guided_extension
5,199,0.0025110455843419897,45,0.0038427875545382984,2,0.5,0.9972992876315582,6.84963329997845,199,2431,622031,6,guided_extension
5,194,0.016757493331358172,140,3.141584629268777e-05,1,1.0,0.9893843816966235,6.171592400060035,194,1121,622032,6,guided_extension
4,192,0.026076586437993876,58,0.0012382479828953166,2,1.0,0.9835371470272487,8.126741400104947,192,3887,622033,6,guided_extension
40,101,1.40309889901087e-05,62,0.3153176212547198,2,0.5,-0.41086499080452143,1.0025186000857502,101,4403,622034,6,guided_extension
70,243,0.031157022475237807,41,0.1416970020208511,3,0.5,0.9883161422978274,1.4791340999072418,243,3773,622035,6,guided_extension
13,296,0.000750425746711584,81,0.002116137280202842,1,0.5,0.840150873239875,3.850035500014201,296,649,622036,6,guided_extension
21,108,0.0005216262706299831,89,0.45061522638121215,1,1.0,0.5778531918953546,1.1622569999890402,108,713,622037,6,guided_extension
36,94,0.0012754610248226998,109,0.0010938758109905293,3,1.0,0.9889757099039203,1.2433766999747604,94,24853,622038,6,guided_extension
49,196,3.686521224371055e-05,99,0.00014709276474803511,2,0.5,-0.15898869968156726,1.5118979000253603,196,10693,622039,6,guided_extension
15,93,0.001239920897803185,97,0.03352611491205732,1,1.0,0.6400449796979154,1.338573299930431,93,777,622040,6,guided_extension
6,223,1.613814812771204e-05,34,0.005332826657534637,2,0.5,-0.17239010685874168,5.980931399972178,223,1463,622041,6,guided_extension
2,197,0.020643536887561754,22,0.00021614708595722157,3,1.0,0.8727974029608256,15.747979500098154,197,1189,622042,6,guided_extension
11,174,0.0022172143737042723,189,0.00029699947721778666,1,0.5,0.9803494708273386,2.884303900063969,174,1513,622043,6,guided_extension
4,123,1.8769231060393298e-05,102,0.06041990108080156,2,0.5,0.0012979678635475222,5.74902500002645,123,11323,622044,6,guided_extension
2,259,0.02276923849053913,104,0.00017691629653213085,2,0.5,0.993405759562077,20.580033599981107,259,11753,622045,6,guided_extension
33,290,0.0001319599229916482,21,0.0003940622867635806,2,0.5,-0.03392443277724411,2.107362199923955,290,631,622046,6,guided_extension
212,13,0.0028564630718551243,72,1.2066561115191816e-05,2,0.0,0.31139917502707315,0.42823419999331236,13,5833,632027,6,broad_extension
74,371,1.314102807393771e-05,320,0.037220630167756834,3,0.5,-0.009279558502805152,4.258459500037134,371,208001,632028,6,broad_extension
134,8,0.08346730362313795,38,9.341066972277668e-05,1,0.0,0.7554239764673096,0.3330481000011787,8,305,632029,6,broad_extension
3,130,0.001071092210359563,439,0.14599771663821628,3,1.0,0.9948396504359593,22.688200800097547,130,389833,632030,6,broad_extension
23,9,0.0029669573953491524,160,0.009591857680206805,3,1.0,0.5370373016560952,0.6041804000269622,9,52801,632031,6,broad_extension
1,2,0.07974280085710211,122,0.6436856204492181,1,1.0,0.10059853531586016,0.5589854998979717,2,977,632032,6,broad_extension
5,175,0.0004578678200329364,31,0.3305703911835343,1,0.0,0.8543541198560947,5.401482400018722,175,249,632033,6,broad_extension
14,9,0.051233866105777924,289,0.030027295497596355,1,0.5,0.9554940529877568,0.44053320004604757,9,2313,632034,6,broad_extension
60,11,0.00025373472983223505,8,0.02756014346440466,1,0.5,-0.4897327482256153,0.3573399999877438,11,65,632035,6,broad_extension
3,1,0.0018614852156339848,3,0.0016120081062583242,1,1.0,-0.5847222356786921,0.3460827999515459,1,25,632036,6,broad_extension
12,330,0.0003581375168304773,532,6.292747890880344e-05,3,0.0,0.9945185797741699,19.53922459995374,330,571369,632037,6,broad_extension
18,99,0.00011123407789781454,12,0.3462646704019321,1,0.0,-0.5135804418120447,1.2075709000928327,99,97,632038,6,broad_extension
120,19,0.002184700405746764,42,2.87756238071518e-05,2,1.0,0.1579266577917281,0.4555899000260979,19,2143,632039,6,broad_extension
7,109,0.003668930845156883,10,0.014613005140763934,3,0.0,0.9918292294571351,3.0515326999593526,109,301,632040,6,broad_extension
49,2,0.008962312794544533,23,0.015822979480304138,1,0.5,-0.5081474170776397,0.31547199992928654,2,185,632041,6,broad_extension
218,114,2.0592842784204006e-05,5,0.38989888636004294,2,0.5,-0.6011721353147466,0.6110286000184715,114,71,632042,6,broad_extension
20,4,0.0018527661848830698,19,0.019732012254643605,2,0.5,-0.3296099383570721,0.42989599995780736,4,533,632043,6,broad_extension
5,5,0.003263611724369458,5,0.343850628989311,1,0.5,-0.5236209708586852,0.4608635000186041,5,41,632044,6,broad_extension
76,30,0.004775925420459182,13,0.002705202049169045,1,0.5,-0.13007979240450918,0.4096889999927953,30,105,632045,6,broad_extension
2,5,1.893707160197079e-05,87,2.4971563759944935e-05,3,0.5,-0.39353851063210166,0.8426465999800712,5,16009,632046,6,broad_extension
34,4,1.73433642414985e-05,144,1.410059666832315e-05,3,0.0,-0.40164002285049283,0.4932472000364214,4,42913,712027,7,initial_shared
1,77,0.0014223285038323587,467,1.621825734564019e-05,2,0.0,0.9881134687525782,29.130911399959587,77,222293,712028,7,initial_shared
5,2,3.6271250200422127e-05,348,0.007237884217294778,1,0.0,-0.38184397486048316,0.3810757000464946,2,2785,712029,7,initial_shared
7,3,0.00013182294359455002,5,0.0185472534671433,3,0.0,-0.37917687176972525,0.7343293000012636,3,101,712030,7,initial_shared
2,31,5.7223276781630876e-05,11,1.5813427352129046e-05,1,1.0,-0.33463334857277616,2.3487647000001743,31,89,712031,7,initial_shared
8,21,0.01846224706745588,137,0.0004376141641373053,1,1.0,0.985726233441777,0.7300042000133544,21,1097,712032,7,initial_shared
6,59,0.07132329628629205,42,2.5012683441031582e-05,3,0.0,0.9835070342024136,2.0960536000784487,59,3949,712033,7,initial_shared
2,122,0.007064717719121009,110,0.0005394057788336595,3,0.5,0.9887569800464922,11.033636200008914,122,25301,712034,7,initial_shared
37,39,0.0007573982101339622,36,2.9783124988922826e-05,1,0.0,-0.052310550626155417,0.5119286000262946,39,289,712035,7,initial_shared
5,301,0.07741058611942914,493,0.0006884781225519474,2,0.5,-0.20707296722871482,27.72299150004983,301,247487,712036,7,initial_shared
120,1,1.9459739141922013e-05,21,0.3199224772999826,1,1.0,-0.39350372151379287,0.31542200001422316,1,169,712037,7,initial_shared
172,3,0.0012371930505271776,174,0.007312092003540275,1,1.0,-0.3934657478440744,0.3207308000419289,3,1393,712038,7,initial_shared
30,24,0.0635466549276603,368,0.14079003977185595,1,0.0,0.9925426720299381,0.5187655000481755,24,2945,712039,7,initial_shared
2,8,0.004225883920833705,12,1.3208715222983506e-05,1,0.0,0.8121240851462799,0.842734899953939,8,97,712040,7,initial_shared
4,52,0.01585337759685352,17,2.0628589236148958e-05,3,0.5,0.9873222885690112,2.652666399953887,52,749,712041,7,initial_shared
2,19,0.015813695409420372,5,0.25310381230831414,2,0.5,0.8867920388953914,1.826687699998729,19,71,712042,7,initial_shared
136,188,0.036671225086170864,4,0.08872073122673409,3,0.5,0.8833469320880929,0.8839661000529304,188,73,712043,7,initial_shared
22,1,0.02233915411073728,161,0.017005111735278956,2,0.0,0.7564741266229204,0.4111112999962643,1,27371,712044,7,initial_shared
7,1,1.4837034147633958e-05,7,0.019976869974433466,2,0.5,-0.3548003408098659,0.4170053999405354,1,113,712045,7,initial_shared
2,56,5.6679975550571386e-05,59,0.03232629815271159,2,0.0,0.7713698772324858,4.406561700045131,56,4013,712046,7,initial_shared
56,47,0.00012006327060156087,12,0.00040039956215250577,1,1.0,-0.3423927623215173,0.48420579999219626,47,97,712047,7,initial_shared
12,2,0.032558131447064174,284,0.4343357345837921,3,0.5,-0.02929125734501592,0.5238944999873638,2,164153,712048,7,initial_shared
11,130,0.04398529627042089,269,2.502234117628285e-05,2,0.5,-0.019605639512771056,5.1599218000192195,130,74783,712049,7,initial_shared
58,137,0.02181639241451489,446,1.0926669174316995e-05,3,0.0,0.9885524801327802,3.180906999972649,137,402293,712050,7,initial_shared
211,35,0.000792229161433867,33,0.6873487751702484,2,0.0,-0.17356351320249286,0.48517940007150173,35,1387,712051,7,initial_shared
19,11,0.002486947891198593,187,0.0005786795597880695,3,0.0,0.9721987456921427,0.663157399976626,11,71809,712052,7,initial_shared
6,36,0.0002444440847993586,389,1.559081205429415e-05,3,0.0,0.9806153162536383,3.311174900038168,36,306533,712053,7,initial_shared
63,288,7.64703454641494e-05,506,5.997106699475894e-05,3,0.0,0.9828321555814109,6.427854500012472,288,517133,712054,7,initial_shared
235,62,0.0026460554889256435,13,0.005183955495106441,2,0.5,-0.135064778495531,0.5389399999985471,62,287,712055,7,initial_shared
2,140,1.5230490616513446e-05,162,4.4433189812069565e-05,3,0.0,0.9375803302018695,13.92510700004641,140,54109,712056,7,initial_shared
47,2,0.027982551231075046,3,0.20143236757196764,1,0.5,-0.28962618342236857,0.3161351999733597,2,25,712057,7,initial_shared
5,36,0.00024044091146204678,23,0.08127158367618019,2,0.5,-0.04276106168220184,1.524356900015846,36,737,712058,7,initial_shared
72,2,0.016644388670537403,6,0.4398347476591403,2,1.0,-0.36344629714792775,0.4111696999752894,2,91,712059,7,initial_shared
179,93,0.010608546313402113,3,0.003858575716658156,1,0.0,0.5342427743847957,0.4939615000039339,93,25,712060,7,initial_shared
31,253,1.265658227069101e-05,108,0.0001955764699352137,2,0.5,-0.1537777680845276,2.255906500038691,253,12637,712061,7,initial_shared
4,1,0.0029345687359876417,5,0.02923151789460113,3,0.0,-0.38477404790589764,0.5349423000589013,1,101,712062,7,initial_shared
3,16,0.0001369462863089096,205,8.504639091822963e-05,1,0.0,0.08171058343282767,1.0662122999783605,16,1641,712063,7,initial_shared
2,194,0.008531461764788152,308,0.004725801678448237,3,1.0,0.9601986291430641,25.747682499932125,194,192809,712064,7,initial_shared
2,11,3.554190770232354e-05,70,0.3410830582810759,3,0.0,-0.30923725763508436,1.327772599994205,11,10501,712065,7,initial_shared
3,6,0.005178695346938973,23,0.0005060219478613395,1,1.0,0.5003786559396951,0.5637475999537855,6,185,712066,7,initial_shared
8,10,0.0008787474979486963,13,0.04540220136119203,2,1.0,-0.02384933147351953,0.6060502999462187,10,287,712067,7,initial_shared
1,6,3.531901900208358e-05,8,1.0756357951328905e-05,2,1.0,-0.4057152266912285,1.2031291000312194,6,137,712068,7,initial_shared
1,17,0.0001491244709601068,86,0.42708957317096374,1,0.0,0.19330789423805095,2.5249115000478923,17,689,712069,7,initial_shared
199,2,0.08761130613641575,9,0.1608108162977203,2,1.0,-0.06781057299035043,0.39248609996866435,2,163,712070,7,initial_shared
10,269,0.0001149728716591148,8,0.0024186456279097403,2,0.0,0.4074725318945722,4.654323299997486,269,137,712071,7,initial_shared
1,116,0.0047213183630357685,58,1.6044134308089834e-05,1,0.0,0.9960150096821301,15.775154900038615,116,465,712072,7,initial_shared
11,4,0.00930854668466787,243,0.0002632151720585089,1,0.5,0.5728513280100216,0.39232699992135167,4,1945,712073,7,initial_shared
11,335,6.75456956749365e-05,351,0.0030432894351775227,2,1.0,0.5869875549905357,10.904109299997799,335,126361,712074,7,initial_shared
6,25,0.004061060190466935,263,1.4564958444967033e-05,3,0.0,0.9748342422140815,1.4609877000330016,25,140969,712075,7,initial_shared
14,120,4.556486112656292e-05,156,0.0013480287175851252,2,1.0,0.4556875153004061,2.201869699987583,120,25741,712076,7,initial_shared
2,11,1.5455284936784684e-05,35,0.015715889362436123,2,0.0,-0.38544175163221706,1.180915900040418,11,1541,712077,7,initial_shared
4,3,0.014161079376588195,6,3.0417133621699873e-05,1,1.0,0.24245460991630507,0.4423645999049768,3,49,712078,7,initial_shared
1,13,2.4081218875323704e-05,41,0.0003223285863405358,3,0.5,-0.2670780030444577,2.3974193000467494,13,3773,712079,7,initial_shared
5,151,0.00023007446331365912,244,0.05634941223522502,3,0.0,0.9937441138234917,8.049734300002456,151,121513,712080,7,initial_shared
42,11,0.0002354660172970703,42,0.040462465821299184,1,1.0,-0.39321434466033334,0.376417399966158,11,337,712081,7,initial_shared
8,5,0.00013763868753340235,13,0.035317814475597335,2,0.0,-0.3963276387613468,0.5195910000475124,5,287,712082,7,initial_shared
139,251,2.4246415170423615e-05,13,0.2869604434992682,1,0.0,-0.4154322929979857,0.7832462000660598,251,105,712083,7,initial_shared
11,3,4.190578883309648e-05,29,0.003485302723953935,2,0.0,-0.42283920027592137,0.4595945000182837,3,1103,712084,7,initial_shared
4,18,0.001836478191978667,48,0.014616087610837927,3,1.0,0.9417139753141015,1.2875066000269726,18,5089,712085,7,initial_shared
1,21,5.951257555082038e-05,12,0.00017680446143419822,3,0.0,0.04793904617487044,3.569374999962747,21,409,712086,7,initial_shared
4,44,0.0010215901666845491,23,0.005371528864714953,2,0.0,0.9710406571684911,2.117213199962862,44,737,712087,7,initial_shared
25,88,1.0262154211989311e-05,30,0.14594979122418525,1,0.5,-0.37314711602848116,0.9191832999931648,88,241,712088,7,initial_shared
6,20,0.02507710243169091,562,0.6602548474570964,2,1.0,0.744945439954573,2.181714899954386,20,320903,712089,7,initial_shared
8,5,3.007725585257274e-05,56,0.23102568124503947,3,1.0,-0.36965019594839754,0.6192815999966115,5,6833,712090,7,initial_shared
68,2,2.171567649424607e-05,4,1.329769098019803e-05,3,1.0,-0.4399263984647481,0.47155510005541146,2,73,712091,7,initial_shared
113,62,0.0573327144308312,25,0.04061549844726949,3,1.0,0.968368946576138,0.6882828999077901,62,1501,712092,7,initial_shared
8,30,0.0004042052918130646,396,0.08279566030196923,3,1.0,0.9508300887019091,2.4479968999512494,30,317593,712093,7,initial_shared
225,326,0.0031069575368278925,26,0.042698258699288505,1,0.0,0.8879718781790761,0.947283299989067,326,209,712094,7,initial_shared
4,320,0.00028218089406748496,161,0.027319877493600472,2,1.0,0.9950788513658011,15.018054499989375,320,27371,712095,7,initial_shared
2,22,0.00020434025056803763,505,0.010538986432690052,3,0.0,0.9880363705083839,6.607411899953149,22,515101,712096,7,initial_shared
7,27,0.0009937436162235603,154,0.04865148202213299,1,1.0,0.5949019772047264,0.9611420000437647,27,1233,712097,7,initial_shared
2,9,0.00015886746874318127,109,0.15674555529015347,3,0.0,0.8352098560287701,1.2351350999670103,9,24853,712098,7,initial_shared
10,24,0.0014608152827767845,354,0.3511131046181445,3,0.5,0.9355156214948709,1.5704212000127882,24,254173,712099,7,initial_shared
58,243,2.387939907866421e-05,259,0.0014078584050987966,3,0.5,-0.000724025604446954,2.9864771000575274,243,136753,712100,7,initial_shared
3,3,0.06722226106058973,94,8.621288713232437e-05,1,1.0,0.9155547855628023,0.45094190002419055,3,753,712101,7,initial_shared
51,15,8.504060616009374e-05,46,0.03205382960946274,3,0.0,-0.3588201431712441,0.5677320999093354,15,4693,712102,7,initial_shared
30,73,0.002927058531150615,221,0.0014898294059841157,1,0.0,0.9717566032632923,0.8387876000488177,73,1769,712103,7,initial_shared
143,9,0.00013385725103653827,25,0.10985678103219121,1,1.0,-0.420538278970372,0.3243067000294104,9,201,712104,7,initial_shared
69,2,0.0029672309453677263,68,0.07282594709360782,1,0.5,-0.28486915976997684,0.31881059997249395,2,545,712105,7,initial_shared
1,312,0.0011507918305247718,8,0.00010465244613129446,3,1.0,0.997268306230551,46.43370870000217,312,209,712106,7,initial_shared
200,51,0.00171674042554849,114,0.01419250893389588,3,0.0,0.9505243088975797,0.6746744000120088,51,27133,712107,7,initial_shared
2,307,0.003293118702907763,363,0.006234170392533082,2,1.0,0.9890637057035105,42.83207880007103,307,135037,712108,7,initial_shared
3,377,0.00031467970717596134,135,1.4888782464782534e-05,1,0.5,0.9174324052322991,17.614857300068252,377,1081,712109,7,initial_shared
20,2,3.498441314470436e-05,35,0.0006753294209386295,3,1.0,-0.4310070731289788,0.4909767999779433,2,2801,712110,7,initial_shared
27,86,8.843159343702732e-05,305,7.290119676290703e-05,2,0.5,0.02445535465711912,1.5619633999885991,86,95771,712111,7,initial_shared
201,24,0.005366935685766451,3,0.0049345815607370275,2,1.0,-0.28090093096627267,0.4388592999894172,24,37,712112,7,initial_shared
189,12,0.014232050768670053,8,0.0030650148126840156,1,1.0,-0.268332026481066,0.34723610000219196,12,65,712113,7,initial_shared
165,2,0.00020357246730918924,74,0.13344610640050167,1,1.0,-0.409508267658347,0.3112370999297127,2,593,712114,7,initial_shared
14,5,0.00019211477841049333,415,0.32260011517909587,3,0.0,0.47007076266866643,0.6981353999581188,5,348601,712115,7,initial_shared
3,115,0.00010475036049589274,6,8.33792173176211e-05,1,0.5,-0.06318832028418364,5.47400829999242,115,49,712116,7,initial_shared
32,157,7.094617608375666e-05,20,0.432426867302986,2,0.0,-0.2250301443479834,1.3267895000753924,157,581,712117,7,initial_shared
3,49,0.0032409615913743567,39,0.19808960824448646,2,0.5,0.9742907889436105,2.771255400031805,49,1873,712118,7,initial_shared
38,288,0.0003363586876303141,281,0.00048279328693628113,2,0.0,0.9917032310147796,3.2406100999796763,288,81491,712119,7,initial_shared
67,27,0.03553591717771424,13,0.011364753418519526,3,0.0,0.9854536044984226,0.5950968000106514,27,469,712120,7,initial_shared
3,1,0.04660895623259664,68,0.004195873124507204,1,0.5,0.7301688291062987,0.34620690008159727,1,545,712121,7,initial_shared
248,101,8.820708098387921e-05,35,0.0006210959121425056,2,0.0,-0.366585231049285,0.5669693000381812,101,1541,712122,7,initial_shared
16,16,0.003439119872673532,12,0.0005065689746062351,2,0.5,-0.004646029999812562,0.5833791999612004,16,253,712123,7,initial_shared
101,142,0.06072088812860334,106,0.0007750478776686374,1,1.0,0.9968613688656863,0.7440888000419363,142,849,712124,7,initial_shared
104,21,4.6807897593165655e-05,22,0.00017278621932464885,3,1.0,-0.37237134855095166,0.5405695999506861,21,1189,712125,7,initial_shared
25,1,0.0030982453645443226,569,0.000186850447419985,3,1.0,0.32207033835806187,0.5120902999769896,1,653213,712126,7,initial_shared
2,315,2.839842469415522e-05,141,0.001830040266413201,1,0.5,0.44017631962979253,22.19945249997545,315,1129,722027,7,guided_extension
1,299,1.0385109206129142e-05,180,0.0019374291583419666,1,0.0,0.5834953463694951,40.68591640004888,299,1441,722028,7,guided_extension
5,272,0.0009244452939571156,206,0.012589592893114409,2,0.0,0.9974695703793164,10.882871999987401,272,44291,722029,7,guided_extension
2,250,3.269264244076365e-05,237,0.0005979075534857914,2,1.0,0.5744120446598919,22.941212399979122,250,58303,722030,7,guided_extension
1,220,0.004927322945029878,181,0.03764224786804861,1,0.0,0.9958602229954893,29.873416499933228,220,1449,722031,7,guided_extension
7,254,0.0003083528564506297,261,3.092109251210147e-05,3,0.5,0.9940721741985807,10.548554399982095,254,138853,722032,7,guided_extension
2,166,0.006029522614975611,246,0.049424215519436605,3,0.0,0.9790167998861792,18.49134059995413,166,123493,722033,7,guided_extension
1,272,0.019643076928485898,144,0.0317765812921923,2,0.0,0.9456134596777984,42.97805240005255,272,22033,722034,7,guided_extension
9,205,0.0051244531469275805,192,0.0004861927632555367,2,0.5,0.9975547959339122,4.96878940006718,205,38593,722035,7,guided_extension
25,198,0.0008581871091032081,165,0.07989414235298294,2,0.0,0.9907894923971744,2.254547599935904,198,28711,722036,7,guided_extension
18,250,0.0001036510950915121,281,0.026378314694870255,3,1.0,0.9719453562310503,5.468890500022098,250,160733,722037,7,guided_extension
46,304,0.0034118309424250293,310,0.2348730007360749,2,1.0,0.9888521291010864,3.691114299930632,304,98891,722038,7,guided_extension
3,317,0.0030272116287647956,146,0.0034252602962886627,2,0.5,0.997439544957695,17.194933300022967,317,22631,722039,7,guided_extension
99,154,0.00019583488764080752,218,0.00027430049253839847,2,0.5,0.028737731617093476,1.1568790999008343,154,49487,722040,7,guided_extension
12,157,4.5718018579041393e-05,308,0.0007429875525617359,2,1.0,0.5536860016654592,4.292579200002365,157,97637,722041,7,guided_extension
16,186,0.0029556371336923767,243,0.0011787680076200632,3,0.5,0.996496823423213,4.249318500049412,186,120529,722042,7,guided_extension
15,328,2.7901302147040744e-05,187,0.00014521003593223156,2,0.5,0.045438527865969136,5.187395899905823,328,36653,722043,7,guided_extension
70,302,0.007950522032244755,356,0.0002780678817252591,1,0.5,0.9951933120283466,1.6314962999895215,302,2849,722044,7,guided_extension
39,303,0.007719925625760247,194,0.0016104058182109216,2,0.5,0.9981984013875045,2.809440099983476,303,39383,722045,7,guided_extension
3,251,4.305601308483334e-05,128,0.06853564880735379,1,0.0,0.741176646395195,11.987461299984716,251,1025,722046,7,guided_extension
71,92,0.0004887838426873202,22,2.2809858187827623e-05,3,1.0,0.1136695575383172,0.8371385999489576,92,1189,732027,7,broad_extension
9,7,0.007980638037052972,3,0.00014686411942531696,1,1.0,-0.028011180737601338,0.45234489999711514,7,25,732028,7,broad_extension
4,11,0.08515280677085879,6,0.0001487630223465366,2,0.0,0.9747342163150969,0.8345998000586405,11,91,732029,7,broad_extension
1,13,0.00037415440889642027,5,1.7993652469513035e-05,1,1.0,-0.12682488071034181,2.0005803999956697,13,41,732030,7,broad_extension
69,18,0.027235450857106488,5,0.00017354456110614958,1,1.0,0.23420004876820766,0.38154229999054223,18,41,732031,7,broad_extension
5,14,0.08163692270397116,228,0.0007727671083282567,1,0.0,0.985522726118601,0.7572686999337748,14,1825,732032,7,broad_extension
26,6,0.00082232921889185,12,0.18137471133630226,3,0.0,-0.40520046816819066,0.528496399987489,6,409,732033,7,broad_extension
19,15,0.000735567137823322,40,0.6218967844067516,3,0.5,-0.10573042889205975,0.6497660999884829,15,3601,732034,7,broad_extension
40,4,0.00013507238141135348,4,0.4566311445133242,2,1.0,-0.4074593593984357,0.4268311000196263,4,53,732035,7,broad_extension
220,1,0.03720737388443646,14,0.2200667851562202,3,0.5,-0.29471790200345693,0.4741929000010714,1,533,732036,7,broad_extension
9,9,0.014188848061016258,5,0.00010500735132215917,3,0.0,0.9771966323728263,0.6806368000106886,9,101,732037,7,broad_extension
64,3,0.013078410951527265,497,0.0016352569823707619,3,0.0,0.7916992062361683,0.5472270000027493,3,498989,732038,7,broad_extension
33,165,0.0011998470145965713,487,0.11118712989251012,3,1.0,0.9939011317726567,5.31836740009021,165,479209,732039,7,broad_extension
2,188,0.002704448113023583,250,0.06785280176853531,3,1.0,0.9911687816683055,20.897714600083418,188,127501,732040,7,broad_extension
6,14,1.6071518992090283e-05,73,0.0303196442082055,1,0.5,-0.38238855003241934,0.6460888999281451,14,585,732041,7,broad_extension
91,13,0.012479533266754111,145,0.6538284983397994,3,0.5,-0.002630195158070281,0.5567974000005051,13,43501,732042,7,broad_extension
5,2,0.01301686836004515,135,0.0008561923426810971,3,0.5,-0.001604496110234166,0.5837179999798536,2,37801,732043,7,broad_extension
59,119,3.3987575090665165e-05,27,0.014072367815463106,1,0.5,-0.37723542587577663,0.7647758999373764,119,217,732044,7,broad_extension
3,10,1.0068770743099806e-05,479,0.0010003604128777787,2,0.5,-0.047576700398834326,1.7181315999478102,10,233753,732045,7,broad_extension
4,150,1.0252787625642637e-05,6,5.0723897376910765e-05,2,1.0,-0.4049942498846959,6.152093300013803,150,91,732046,7,broad_extension
4,183,7.066044127976153e-05,69,0.4173478892061094,3,0.0,0.9098968121756189,8.945625600055791,183,10213,812027,8,initial_shared
1,219,0.00045993958342571386,242,0.017644108752793815,2,0.5,0.9933501256062177,39.5037729999749,219,60743,812028,8,initial_shared
4,1,0.009262378147356197,24,0.03187968070511971,1,1.0,0.1424405843732891,0.36109540006145835,1,193,812029,8,initial_shared
13,18,0.001336797564391092,48,0.5812543066491199,3,0.0,0.8473789505187024,0.7521448999177665,18,5089,812030,8,initial_shared
39,4,1.4365371841001678e-05,223,1.1250715792827628e-05,1,0.5,-0.2960089397132668,0.33625089994166046,4,1785,812031,8,initial_shared
20,82,5.1575492043369346e-05,29,1.0747225719437374e-05,3,1.0,-0.06918385588014742,1.3011831999756396,82,1973,812032,8,initial_shared
5,266,0.0005517573321884477,126,0.0008991922918082238,1,1.0,0.9413464819104107,8.211046800017357,266,1009,812033,8,initial_shared
6,27,0.00987417799598344,261,0.026405179249428284,2,0.0,0.9404293941177141,1.283225000021048,27,70471,812034,8,initial_shared
3,7,0.00038188458138180666,22,0.01534611714047628,1,1.0,-0.20751261538012433,0.627793199964799,7,177,812035,8,initial_shared
1,122,0.009888270833376333,21,0.0003809816201197043,2,0.5,0.9925340003537034,17.426018700003624,122,631,812036,8,initial_shared
8,3,3.748688897439417e-05,93,0.005110489946660159,2,1.0,-0.3616844366524643,0.4766265000216663,3,9487,812037,8,initial_shared
2,21,0.0026634445011440738,5,3.368803830495101e-05,1,1.0,0.6568215581428312,1.6929384999675676,21,41,812038,8,initial_shared
3,13,0.00015038756516060753,48,0.03911178223587004,2,0.5,-0.015826380951193375,1.0506386999040842,13,2737,812039,8,initial_shared
15,9,0.01260980621992695,7,0.0948170175055299,1,1.0,0.3841733055900294,0.4303420999785885,9,57,812040,8,initial_shared
163,4,0.020656599098136927,8,2.5702345994420047e-05,2,0.0,-0.22144165407445437,0.39800629997625947,4,137,812041,8,initial_shared
34,14,0.0009814675532734578,65,0.01579631028697259,2,0.5,0.001710522109362178,0.5129910999676213,14,4811,812042,8,initial_shared
24,27,5.711785932780012e-05,3,0.00308570113678416,3,0.0,-0.3820853310240877,0.7256177999079227,27,49,812043,8,initial_shared
53,11,2.831263245884187e-05,424,0.05443834085803374,2,1.0,-0.3243043388412208,0.5328401000006124,11,183593,812044,8,initial_shared
34,156,0.006897627251789504,323,0.11624808976700621,1,0.0,0.9966185093551697,1.4206813999917358,156,2585,812045,8,initial_shared
79,2,0.0413381553998041,72,0.32599988587569195,1,1.0,0.4291273976215203,0.33887009997852147,2,577,812046,8,initial_shared
39,11,0.043811796251652595,34,0.06563443523909177,3,0.5,0.0025963200609978587,0.5681046999525279,11,2653,812047,8,initial_shared
93,92,0.0020804788190312436,4,0.3623624312920471,2,0.0,0.4536028644639959,0.6518459999933839,92,53,812048,8,initial_shared
19,11,0.024010914307880313,40,0.016348302133359607,1,0.0,0.9361261656370516,0.4251652000239119,11,321,812049,8,initial_shared
26,5,5.2472576864875246e-05,161,0.0017091247042373935,1,1.0,-0.42575880592985693,0.36306989996228367,5,1289,812050,8,initial_shared
92,35,0.01700411796508062,365,0.002873249909100299,3,0.0,0.9876466059061076,0.8682689000852406,35,270101,812051,8,initial_shared
9,36,0.000214656598232161,217,0.0005832270511320913,2,1.0,0.588561807190666,1.2521877000108361,36,49043,812052,8,initial_shared
1,101,0.006192760423114236,64,0.008498309593624914,2,1.0,0.9862279270424674,14.904601700021885,101,4673,812053,8,initial_shared
3,37,0.0006327357800403929,83,0.2684706959318637,3,0.5,0.9080153179742263,2.5542138000018895,37,14609,812054,8,initial_shared
2,5,0.0020697614819913694,20,0.0003931925710683883,1,0.0,0.5656963435117379,0.6408868000144139,5,161,812055,8,initial_shared
12,9,0.004218626975125145,6,0.0006199444340704745,3,1.0,0.11482354108766057,0.6240297999465838,9,133,812056,8,initial_shared
2,232,0.0016470870492645542,95,1.2473890141181367e-05,2,0.5,0.995682604860172,18.323223000043072,232,9881,812057,8,initial_shared
3,13,0.006107947534795715,210,0.13319346516915614,3,1.0,0.9091259870559836,1.3025301001034677,13,90301,812058,8,initial_shared
2,6,0.00019247281452869106,4,2.193920216254346e-05,3,1.0,-0.34048894642156924,0.9142516000429168,6,73,812059,8,initial_shared
184,377,0.00030634580572725187,32,0.0177423486958178,2,0.5,-0.004359344687599798,1.2018395999912173,377,1313,812060,8,initial_shared
21,1,6.880744805246948e-05,28,1.4200863501722452e-05,1,1.0,-0.4788219120296313,0.30442619998939335,1,225,812061,8,initial_shared
2,203,0.0006623629536278432,159,6.625959980541338e-05,2,1.0,0.9896654331470156,16.73141379992012,203,26713,812062,8,initial_shared
20,149,0.00023476892826173581,3,1.845804036190694e-05,2,1.0,-0.24967723314866608,1.6945629001129419,149,37,812063,8,initial_shared
188,301,0.0181214148791465,354,1.4658639722213598e-05,3,1.0,0.9784973045076595,3.17291700001806,301,254173,812064,8,initial_shared
45,2,0.00019256404501328351,34,0.40488441636147976,1,0.5,-0.5529323443302261,0.3504925000015646,2,273,812065,8,initial_shared
3,3,0.0002221178278090764,196,0.023212355975578827,2,0.5,0.007347172299704496,0.5553567999741063,3,40181,812066,8,initial_shared
21,13,0.003785379936738281,10,0.17143338270339112,2,1.0,0.19450821233651927,0.5257702999515459,13,191,812067,8,initial_shared
7,3,0.0018441108885605905,13,0.46097224553139415,2,0.0,-0.25940385913247477,0.4882799000479281,3,287,812068,8,initial_shared
3,3,0.00043248649330810193,71,0.13562795861890312,1,0.5,-0.19642686480920135,2.7616585000650957,3,569,812069,8,initial_shared
1,11,0.005468425358923584,32,0.00015603390728861859,2,1.0,0.9528464008130604,1.9562190999276936,11,1313,812070,8,initial_shared
1,1,0.02058951020595993,116,0.04155731179769479,3,1.0,-0.3140828059540077,0.6484156999504194,1,28073,812071,8,initial_shared
7,3,0.0018282736417630898,23,6.043078306094315e-05,3,0.5,-0.02832810170276967,0.572801300091669,3,1289,812072,8,initial_shared
15,2,0.09876485797710728,24,0.0005316796896604546,3,0.5,-0.08690505338831334,0.4968982000136748,2,1393,812073,8,initial_shared
1,257,1.51816887570821e-05,16,0.0004476218947829679,1,1.0,0.1054567294220371,34.117164400056936,257,129,812074,8,initial_shared
3,139,1.724315919976131e-05,383,0.004235178863707027,1,0.0,0.3520106537996547,6.8183963999617845,139,3065,812075,8,initial_shared
2,2,0.000612295366133227,4,0.1454235460661243,2,1.0,-0.38325488081951953,0.5321475999662653,2,53,812076,8,initial_shared
223,24,0.00010086939427029257,92,0.08335347055696664,1,0.0,-0.4135495425974658,0.3734918999252841,24,737,812077,8,initial_shared
30,23,1.3128449023900427e-05,464,1.3551804348397611e-05,3,0.0,-0.2527397331327528,1.2027821000665426,23,435233,812078,8,initial_shared
5,113,1.2436711489116229e-05,271,0.5735634147662075,2,0.5,-0.026206853728075075,5.456058099982329,113,75881,812079,8,initial_shared
8,12,0.015304528133520715,13,0.1250945877036643,1,0.5,0.8586938768313959,0.5617435000604019,12,105,812080,8,initial_shared
19,62,0.00010840144064850958,38,0.00011969808824524484,3,0.0,0.6503961016081766,1.1356599000282586,62,3269,812081,8,initial_shared
3,167,3.529944542535351e-05,28,0.39441385208327057,2,1.0,0.2963503444654373,8.622571200015955,167,1037,812082,8,initial_shared
1,17,0.03554825712681003,12,0.018727542530702756,3,0.0,0.9650488556033423,2.9606706999475136,17,409,812083,8,initial_shared
205,366,0.00013412140600740428,104,4.704557716779617e-05,2,0.5,0.008208818799120388,1.4251164000015706,366,11753,812084,8,initial_shared
67,7,0.0008355002353934575,13,0.00954150121637217,1,0.0,-0.3929270507699123,0.33754350000526756,7,105,812085,8,initial_shared
77,5,0.023830038157590598,358,0.02145809257163934,3,0.0,-0.37865217098935755,0.5377766999881715,5,259909,812086,8,initial_shared
3,3,0.03276463451658519,6,4.131052856548656e-05,2,0.0,0.8680128673313376,0.5302349999547005,3,91,812087,8,initial_shared
3,21,5.775480491922202e-05,13,1.3448684211330558e-05,1,1.0,-0.37551187137535824,1.284394499962218,21,105,812088,8,initial_shared
80,14,2.4350332065207948e-05,7,0.19771044315000766,2,0.0,-0.40051520904452653,0.4473602999933064,14,113,812089,8,initial_shared
8,7,0.055331812400780854,6,4.062727486857539e-05,3,0.0,0.9351493877009965,0.6478216999676079,7,133,812090,8,initial_shared
1,24,0.002760444464931597,20,0.07188923636348543,2,1.0,0.989820909426102,3.8001515000360087,24,581,812091,8,initial_shared
17,4,0.00040899024890466204,10,0.0009919666178875896,1,1.0,-0.43073254115896686,0.36718539998400956,4,81,812092,8,initial_shared
5,2,0.0034165468369881883,292,1.6019359383176976e-05,2,0.0,0.8474024270681191,0.4986180999549106,2,87893,812093,8,initial_shared
2,146,0.000255456596824929,6,1.0992048821206595e-05,2,0.0,0.9186256259620005,10.879920499981381,146,91,812094,8,initial_shared
3,247,0.00012805946883658306,15,0.0004926954966968104,1,1.0,0.5949437124683612,11.555640800041147,247,121,812095,8,initial_shared
7,216,0.0007281863399788982,66,0.010838032130600262,3,0.0,0.9830395617004202,6.304066899931058,216,9373,812096,8,initial_shared
1,2,0.0004916883646531207,46,0.0008011631475516251,3,1.0,0.2649907608969976,0.7845349999843165,2,4693,812097,8,initial_shared
27,10,0.0007809439067541457,146,3.925137756172083e-05,2,0.0,0.6559742378021103,0.50801010010764,10,22631,812098,8,initial_shared
103,2,0.0002954109335525711,17,9.297377234229085e-05,2,0.0,-0.4600497930265737,0.39590700005646795,2,443,812099,8,initial_shared
32,82,1.7149449641401638e-05,8,0.00016074332138237558,2,1.0,-0.40278171316262523,0.8949663999956101,82,137,812100,8,initial_shared
21,4,0.0001390356432777692,12,5.5194595118079484e-05,3,0.0,-0.4071530387931557,0.521246200078167,4,409,812101,8,initial_shared
112,18,6.385118836351331e-05,22,5.9259872636478996e-05,2,0.5,-0.39008973418251247,0.4688470000401139,18,683,812102,8,initial_shared
58,33,0.07339191065163486,10,0.009082679284787338,1,0.5,0.9746329070836477,0.4457798999501392,33,81,812103,8,initial_shared
15,71,0.0004181868805919413,25,0.030109478035103172,1,1.0,0.3079277913740519,1.0927624000469223,71,201,812104,8,initial_shared
44,128,0.019080242215264293,508,0.0009265433868207545,2,0.5,-0.051805791663779965,2.521604400011711,128,262637,812105,8,initial_shared
210,11,1.4661072397392545e-05,4,0.035133892676667215,2,0.0,-0.40890244935806863,0.41974470007698983,11,53,812106,8,initial_shared
76,25,0.026121574727724296,18,2.8553703090567936e-05,2,1.0,0.9411496440962329,0.5000535999424756,25,487,812107,8,initial_shared
139,307,2.1695311394530402e-05,71,0.00013462159976205724,1,0.0,-0.35857395456015695,0.9839770999969915,307,569,812108,8,initial_shared
13,4,0.00029116005913350435,7,1.165415262777827e-05,3,0.0,-0.45706041588446134,0.5551776000065729,4,169,812109,8,initial_shared
7,352,3.3974970650899436e-05,157,1.3126790455468605e-05,2,0.0,0.91437088686608,9.905501000001095,352,26063,812110,8,initial_shared
7,37,0.01857227057036936,7,0.21671208306819192,2,0.0,0.9589105590672963,1.2407563999295235,37,113,812111,8,initial_shared
141,14,0.003650744098212237,6,1.3514754802405748e-05,2,0.5,-0.30894065828091266,0.4252458999399096,14,91,812112,8,initial_shared
8,257,0.0014357128143092032,6,0.0010296144373440521,2,0.5,0.8969979333696858,5.399600000004284,257,91,812113,8,initial_shared
43,98,0.02646796500666989,29,0.2508377388995258,3,1.0,0.8955967594023195,1.0041987999575213,98,1973,812114,8,initial_shared
195,8,1.1459773708084439e-05,137,0.1722656968668123,3,0.0,-0.41354659378204706,0.5121750999242067,8,38909,812115,8,initial_shared
29,94,1.4654205453765536e-05,74,0.02097482330354467,1,0.5,-0.44347330244783767,0.9100752999074757,94,593,812116,8,initial_shared
1,30,0.0001043076401998363,96,0.00010003461649824708,3,0.5,0.11835891571536161,5.594001399935223,30,19393,812117,8,initial_shared
1,73,7.059248173141876e-05,26,1.0165935742061309e-05,2,0.5,0.10415520224419672,10.882732599973679,73,911,812118,8,initial_shared
2,6,0.07056476412519551,185,0.3309983240329187,3,0.0,-5.431864004297966,1.0139176999218762,6,70301,812119,8,initial_shared
188,17,0.05062030944773479,595,0.0006908704260609147,1,0.5,0.6620741052748209,0.36676150001585484,17,4761,812120,8,initial_shared
3,38,0.00035492968445582365,22,0.02075979398326031,3,0.0,0.9157152474907804,2.4500081998994574,38,1189,812121,8,initial_shared
36,380,0.0003191863780513275,467,9.590719273009062e-05,3,0.0,0.993817543267393,10.10501319996547,380,440849,812122,8,initial_shared
134,12,0.00027570725476696467,61,0.0687083755610572,2,0.5,-0.31076712568216336,0.43205009994562715,12,4271,812123,8,initial_shared
1,34,0.007441641902347458,33,0.49417170019646595,3,1.0,0.8605783287511688,5.684775899979286,34,2509,812124,8,initial_shared
1,55,0.0005172747461819606,42,0.4617854370898501,2,0.0,0.9461668877157069,8.170579200028442,55,2143,812125,8,initial_shared
1,25,0.040550508712617776,4,0.0003573656151739368,1,0.0,0.9877907333717784,3.5286553000332788,25,33,812126,8,initial_shared
4,95,0.0057399466982295064,47,0.16210520807887757,3,0.0,0.9665377531014177,4.687737499945797,95,4889,822027,8,guided_extension
92,139,0.024663882650292776,234,1.63618112190885e-05,2,0.0,0.9950340886558627,1.103680400061421,139,56863,822028,8,guided_extension
14,279,0.01505731191929927,36,0.2042999537283746,1,0.0,0.9901183582574409,3.5143931000493467,279,289,822029,8,guided_extension
6,337,0.004288260589094468,27,0.15347008964314884,1,0.5,0.9915718045861889,8.304162800079212,337,217,822030,8,guided_extension
36,159,0.0026148033355132996,136,0.022161594461972002,2,0.0,0.9917403593603991,1.5207082000561059,159,19721,822031,8,guided_extension
10,133,0.0021171939587036333,25,0.00012186210666015942,3,0.0,0.9899268423186756,2.8657367000123486,133,1501,822032,8,guided_extension
8,136,0.03603211894243752,236,4.799322712734463e-05,2,0.0,0.9856485583978358,4.038839099928737,136,57821,822033,8,guided_extension
9,123,0.0018012730313772026,466,5.341750636849952e-05,1,0.0,0.9960737624203139,2.6846212999662384,123,3729,822034,8,guided_extension
6,47,0.008691888291679854,231,1.1174891118325913e-05,2,0.5,0.9752358004297098,1.7950903000310063,47,55441,822035,8,guided_extension
43,151,0.025925563918553784,418,0.0007053349276297333,2,0.5,-0.03414836657757547,2.328847899916582,151,178487,822036,8,guided_extension
59,116,0.0005711541460339391,24,0.005131198310041728,2,0.5,-0.02228251398700931,0.8814741999376565,116,793,822037,8,guided_extension
4,92,0.001103631300733112,489,0.3856102352024259,2,0.0,0.9878290690090162,10.682743899989873,92,243523,822038,8,guided_extension
7,68,0.004040444015067331,86,0.000126924715718456,2,0.5,0.9942372999520908,2.100931000080891,68,8171,822039,8,guided_extension
22,113,0.0007962435139850807,141,0.003404253291480756,1,0.0,0.8728307839756133,1.2770218000514433,113,1129,822040,8,guided_extension
2,78,0.000563683562428621,61,0.26155600583326577,1,0.5,0.7980726475791322,5.526056500035338,78,489,822041,8,guided_extension
117,47,0.0006020394139590712,144,0.01965484895583417,2,0.0,0.7105669794314188,0.5905987999867648,47,22033,822042,8,guided_extension
45,308,0.03313034141429531,74,1.260155357518951e-05,1,0.5,0.9975952780055638,1.7146676999982446,308,593,822043,8,guided_extension
4,103,0.02760113627563343,95,0.40145706717792207,2,0.5,0.9701378489916568,4.843585999915376,103,9881,822044,8,guided_extension
2,320,0.057145655576766374,212,1.2347141180667179e-05,2,0.0,0.9541712714116976,27.092204499989748,320,46853,822045,8,guided_extension
3,35,0.0015949637882653688,336,0.0006666792317498012,2,0.0,0.9832152698070854,3.4394033000571653,35,115921,822046,8,guided_extension
44,8,0.040135930225057875,398,0.27583205386916587,2,0.0,0.9551447091113805,0.5090003999648616,8,161987,832027,8,broad_extension
186,35,0.007096407386818234,4,0.0012668396800393183,3,1.0,-0.024280549564734688,0.5749399000778794,35,73,832028,8,broad_extension
23,150,0.06877530916191836,150,0.06034394271381319,1,0.0,0.9888722565769039,1.5159335000207648,150,1201,832029,8,broad_extension
187,4,4.452021051992875e-05,85,0.005253329755384446,3,1.0,-0.4257145965498095,0.48406509996857494,4,15301,832030,8,broad_extension
250,64,0.04451395120370296,592,0.1147470641806336,1,1.0,0.5434969153362936,0.5038334999699146,64,4737,832031,8,broad_extension
7,15,0.0003029667702744065,15,0.568429542647431,2,0.5,-0.22675528187931304,0.7676510999444872,15,361,832032,8,broad_extension
4,3,2.8867181570393123e-05,30,0.0006087715136085379,1,0.0,-0.3879328047738617,0.4565300000831485,3,241,832033,8,broad_extension
1,45,0.010490400497867189,11,0.0026044723076078893,1,0.5,0.9922200008676326,6.254076900077052,45,89,832034,8,broad_extension
5,14,0.0009910021611716155,7,1.5058893872378333e-05,3,1.0,0.11873292759895737,0.9652746999636292,14,169,832035,8,broad_extension
7,257,0.0018013460685866556,334,0.00016075390878133696,2,1.0,0.9962940423716281,11.661150200059637,257,114563,832036,8,broad_extension
2,26,0.0001310692244277748,173,0.00014420659949218958,1,0.5,0.13580219823577988,2.06687249999959,26,1385,832037,8,broad_extension
1,8,1.2840126072927455e-05,33,0.0022977661791502833,3,0.0,-0.38160483145763835,1.6814798000268638,8,2509,832038,8,broad_extension
1,165,0.00015689695741302504,12,0.00881914751736803,3,0.5,0.6140906109686501,25.140585100045428,165,409,832039,8,broad_extension
28,5,0.0009025272096644514,28,2.762392197771972e-05,2,0.0,-0.293041383554312,0.4360254000639543,5,1037,832040,8,broad_extension
2,1,0.0006784463476503021,41,0.028718028595447864,3,0.0,0.007765858083560118,0.5351747999666259,1,3773,832041,8,broad_extension
103,7,5.474527543619661e-05,33,0.44539267482584766,2,0.0,-0.43442822776598855,0.41325660003349185,7,1387,832042,8,broad_extension
52,248,0.003399582405589888,25,0.02799686154358613,1,0.5,0.9057551734311275,1.2242154000559822,248,201,832043,8,broad_extension
4,52,2.4541262448605093e-05,5,0.0013966291608564242,3,0.5,-0.33509361489941014,2.59045750007499,52,101,832044,8,broad_extension
240,3,0.010823522133650145,45,0.0003517751664121615,3,0.5,-0.1611050541061667,0.4686050000600517,3,4501,832045,8,broad_extension
81,14,0.00037709410035658076,5,4.017684351207045e-05,1,0.5,-0.5405833523764654,0.35719619994051754,14,41,832046,8,broad_extension
13,82,0.0003457090070201556,44,0.0073231490279648615,1,0.0,0.5502999236106297,1.3044201000593603,82,353,912027,9,initial_shared
74,240,0.004035406570685495,10,2.7093999720562142e-05,2,1.0,0.8759755310859578,1.1810904999729246,240,191,912028,9,initial_shared
6,5,1.698421234830483e-05,21,1.1125401903414895e-05,1,1.0,-0.4434611504064365,0.4199847000418231,5,169,912029,9,initial_shared
89,8,0.0008276101522653712,94,0.16341941887493358,1,1.0,-0.40055068200656274,0.3349441000027582,8,753,912030,9,initial_shared
182,289,5.72991326446621e-05,53,0.0020092056162437427,1,0.0,-0.39704762275854955,0.9082721000304446,289,425,912031,9,initial_shared
3,7,0.010858349334185158,139,1.2316251554446144e-05,2,0.5,0.9660244108953886,0.7606736000161618,7,20573,912032,9,initial_shared
219,12,0.07277213321374863,4,0.0036955786466167195,1,0.5,0.05791686089738168,0.33232970000244677,12,33,912033,9,initial_shared
83,83,5.5198436812748125e-05,42,0.6610764833145977,3,0.5,-0.3800571935424697,0.770691700046882,83,3949,912034,9,initial_shared
4,6,0.00014959440441590207,22,0.2545342151750248,3,0.0,-0.32413736826432316,0.735623300075531,6,1189,912035,9,initial_shared
172,27,4.70565905553626e-05,140,0.001602640368756627,3,1.0,-0.3884965222593355,0.5937657000031322,27,40601,912036,9,initial_shared
6,11,0.0005746255094754962,5,1.0444314755258182e-05,1,0.5,-0.4424397588000517,0.5491603999398649,11,41,912037,9,initial_shared
4,370,0.00039879731049605904,15,0.00023461345668765674,2,0.5,0.963171798521962,14.463037400040776,370,361,912038,9,initial_shared
1,1,0.0016472670085729531,19,0.43044227293105924,2,0.5,-0.2700031921701562,0.6539194999495521,1,533,912039,9,initial_shared
11,7,0.0009040244832633972,257,0.03541931837480091,2,1.0,0.5623634614568436,0.6283498000120744,7,68363,912040,9,initial_shared
159,4,0.013331533838298245,158,3.5617400000070394e-05,1,0.0,-0.05211307553837896,0.3200478000799194,4,1265,912041,9,initial_shared
66,18,0.05100059612341356,4,0.007420116950300391,1,1.0,0.405182880333149,0.3820382999256253,18,33,912042,9,initial_shared
14,67,0.001567417529062878,98,0.0005741337111123379,2,0.5,0.9705224029588195,1.3262336999177933,67,10487,912043,9,initial_shared
12,3,5.416901903769624e-05,6,0.04742330113146359,2,0.5,-0.5064797602442561,0.44170769990887493,3,91,912044,9,initial_shared
11,25,1.6891857728102534e-05,147,0.0005184470533583382,1,1.0,-0.4244086064237773,0.6933264000108466,25,1177,912045,9,initial_shared
32,19,0.09386959134587256,362,0.00037730546434395124,2,1.0,0.6279188274309342,0.6962282999884337,19,134303,912046,9,initial_shared
12,345,6.489597915568884e-05,7,1.11515018293493e-05,1,0.0,-0.22176614128321637,4.756466399994679,345,57,912047,9,initial_shared
110,14,0.006343912095098824,316,0.0006724091704017755,3,1.0,0.6344351782831359,0.6043272000970319,14,202873,912048,9,initial_shared
115,49,0.0002078425367593134,33,0.02502147678277238,1,0.0,-0.38114045308099076,0.44504530006088316,49,265,912049,9,initial_shared
2,47,0.00010199784259520489,114,9.248878329348858e-05,2,1.0,0.5316792964775985,3.969015400041826,47,14023,912050,9,initial_shared
76,22,5.1121117174677134e-05,306,5.635816205698763e-05,1,0.0,-0.4201764770911458,0.41800330008845776,22,2449,912051,9,initial_shared
159,122,0.02853882706914726,424,0.08221209225027308,3,1.0,0.9088377812774248,1.8638483999529853,122,363793,912052,9,initial_shared
17,16,0.001374104854710414,10,4.746027519438012e-05,2,1.0,-0.02460110969023499,0.5779576000059023,16,191,912053,9,initial_shared
2,13,0.08973243070959994,149,0.003512169420318705,3,0.0,0.9455903226811704,1.6634222000138834,13,45893,912054,9,initial_shared
70,14,0.05666667593001672,7,0.0007318272421233218,3,1.0,0.6715661659852105,0.5522843999788165,14,169,912055,9,initial_shared
11,34,0.015087435915355838,87,0.0978535846854908,1,0.0,0.9938507148712417,0.8232325999997556,34,697,912056,9,initial_shared
16,16,0.00021549667221182185,6,0.32199030066434453,2,0.0,-0.371057923159517,0.5919828000478446,16,91,912057,9,initial_shared
2,16,0.08843953311591143,271,0.0013007438415118934,3,0.5,-2.158130713488638,2.3061553000006825,16,149593,912058,9,initial_shared
3,41,0.029725142772552577,312,0.003033243550586814,2,0.0,0.9783546098791794,3.8871716000139713,41,100153,912059,9,initial_shared
52,96,0.011209788019771653,318,0.004271756696084577,2,1.0,0.9968325615344877,1.3163866000249982,96,103987,912060,9,initial_shared
206,2,0.0021126734184011143,270,0.048971330866413434,2,0.5,-0.07901503620673078,0.4089945999439806,2,75331,912061,9,initial_shared
1,3,0.04693021477836379,218,4.1700252466805387e-05,3,0.5,-0.0514486383984758,1.0661379999946803,3,97229,912062,9,initial_shared
3,2,0.00016871564513891874,443,0.012044170712203974,1,0.5,-0.1356861371655036,0.41483769996557385,2,3545,912063,9,initial_shared
1,111,0.00017014493830476692,134,3.14791006016761e-05,1,0.0,0.9247490059127818,15.549451500060968,111,1073,912064,9,initial_shared
3,3,1.6082211821282915e-05,5,0.0028076785145599455,1,1.0,-0.48473805280417515,0.43130970001220703,3,41,912065,9,initial_shared
35,127,1.6478666430637648e-05,259,0.00014086669464955203,2,1.0,-0.04929454044521031,1.7929241999518126,127,69413,912066,9,initial_shared
2,36,0.042206091675017696,64,0.00033153809467174715,3,0.5,-0.01383986967678541,3.7023181000258774,36,8833,912067,9,initial_shared
62,4,0.0934041962589772,401,0.01482288113797311,3,1.0,0.06619081150644501,0.5775344000430778,4,325613,912068,9,initial_shared
6,28,0.001054049975222545,76,0.16744385595023614,2,0.5,0.6653457493371506,1.217090000049211,28,6461,912069,9,initial_shared
70,9,0.0235458297368006,216,2.9352658674303173e-05,2,1.0,0.7667655725604635,0.4512000000104308,9,48601,912070,9,initial_shared
35,23,5.500444057344948e-05,9,0.18856477199045862,3,1.0,-0.4321857950371901,0.6503539000404999,23,253,912071,9,initial_shared
27,4,0.0006381848343205035,13,0.04948265386181779,3,0.5,-0.3552855106224828,0.5109185000183061,4,469,912072,9,initial_shared
1,8,0.00039869355008229936,422,7.305513399041699e-05,2,1.0,0.6008694493314211,3.0775460000149906,8,181883,912073,9,initial_shared
2,8,0.0012216034942791856,146,0.0006027071524272387,2,1.0,0.7129760067671778,1.046682000043802,8,22631,912074,9,initial_shared
1,127,8.061486747833299e-05,65,0.000674601949962873,3,1.0,0.9839639273178342,20.55863720003981,127,9101,912075,9,initial_shared
102,78,0.045110401657287524,6,0.0006721464042137059,3,0.0,0.9919368718246582,0.7068485000636429,78,133,912076,9,initial_shared
5,14,0.052810448487791525,20,0.0335905338066555,3,0.0,0.9307346030221261,0.9580894000828266,14,1001,912077,9,initial_shared
110,2,6.452407723444999e-05,220,2.335023725994633e-05,3,1.0,-0.42283843475453753,0.48785479995422065,2,99001,912078,9,initial_shared
11,4,0.006407102225306042,71,0.0028641647381297333,2,0.5,0.18913444879588603,0.4783983000088483,4,5681,912079,9,initial_shared
28,4,0.09143386004164612,3,0.03803789089274693,1,0.0,0.7930103230549441,0.3390827000839636,4,25,912080,9,initial_shared
1,11,3.19316203891856e-05,4,0.03469791302288182,2,1.0,-0.41492434954905266,1.9399593999842182,11,53,912081,9,initial_shared
8,3,0.024236581976746534,28,1.2806086085525799e-05,2,0.0,0.8998135704700451,0.4760839999653399,3,1037,912082,9,initial_shared
8,3,0.0004423591377186791,23,0.01455161442074046,1,0.0,-0.41058310027726796,0.3816991000203416,3,185,912083,9,initial_shared
1,4,1.6137739783590843e-05,13,0.3368059454738536,1,0.5,-0.43487792843068696,0.7913763000397012,4,105,912084,9,initial_shared
4,1,0.00363759375197349,128,4.9427240784842056e-05,1,1.0,0.09264128794239124,0.3576900999760255,1,1025,912085,9,initial_shared
46,1,0.0041497920315598045,12,0.33278076957603653,2,0.0,-0.4817483493305965,0.41128930007107556,1,253,912086,9,initial_shared
18,181,0.00010592662401984428,183,0.01245669063631537,2,0.5,0.30489964075427145,2.6719144999515265,181,35137,912087,9,initial_shared
4,129,0.008625585160262442,531,0.00019177073954906998,3,0.5,-0.0023844408219149127,20.490713899955153,129,569233,912088,9,initial_shared
12,181,0.00021614281818722837,7,0.12842495484806726,3,0.0,0.7816233630728717,3.108136499999091,181,169,912089,9,initial_shared
33,256,3.614646047346356e-05,8,0.23348936495909928,1,1.0,-0.44960613613120604,1.7045970999170095,256,65,912090,9,initial_shared
1,11,2.597300701447536e-05,10,4.8488477531367e-05,1,1.0,-0.47123396881334667,1.6686478999909014,11,81,912091,9,initial_shared
1,50,1.369597203929695e-05,148,0.014883681337369276,1,0.5,-0.07570509212839016,7.042376599973068,50,1185,912092,9,initial_shared
100,12,8.242033087600387e-05,263,0.47263090260056584,2,1.0,-0.3585657466859864,0.4674495999934152,12,71537,912093,9,initial_shared
1,107,0.0003700801004775796,96,0.02697808282224393,3,1.0,0.9921920467943939,18.049860700033605,107,19393,912094,9,initial_shared
251,51,0.00716855851894858,15,0.03067739414285678,1,1.0,-0.07144722792308511,0.3791747000068426,51,121,912095,9,initial_shared
3,2,0.006704828921054336,4,0.012745146829674215,2,0.0,0.3685124672427622,0.5012312000617385,2,53,912096,9,initial_shared
3,16,0.010182415112410836,25,0.018359911510996283,1,1.0,0.9706550753549033,1.1018506999826059,16,201,912097,9,initial_shared
5,38,0.013999130161548072,204,0.0004934985347972931,2,0.0,0.9406827908535497,1.9266546999569982,38,43453,912098,9,initial_shared
251,25,0.007573903229146698,441,0.0008363138606963644,3,0.0,0.9531084646194965,0.7725451999576762,25,393373,912099,9,initial_shared
5,187,0.07492687522644913,15,0.3906827469841685,1,0.5,0.9733412199400611,5.739961800049059,187,121,912100,9,initial_shared
10,4,6.067290120835547e-05,50,0.027605562594310924,1,0.0,-0.45845128222057885,0.3960220000008121,4,401,912101,9,initial_shared
189,240,0.0025044138006972434,8,0.01834900644360941,1,0.0,0.681997022450433,0.747330299927853,240,65,912102,9,initial_shared
2,21,1.7558147624618334e-05,278,0.011954061782433599,1,0.5,-0.199657840407802,1.7559462999925017,21,2225,912103,9,initial_shared
2,4,9.647969443354972e-05,8,0.0004582413435929662,1,1.0,-0.44149628682706665,0.5746842999942601,4,65,912104,9,initial_shared
17,12,0.00019653038947565777,10,0.12536357608591936,2,1.0,-0.42849814620730475,0.5419813999906182,12,191,912105,9,initial_shared
21,3,2.892753319977707e-05,119,0.013083433292170545,1,0.5,-0.3545010368148471,0.34306789992842823,3,953,912106,9,initial_shared
2,29,0.0022414203533220687,32,0.1223663339970839,1,1.0,0.8797918459067439,2.2570340000092983,29,257,912107,9,initial_shared
22,11,0.0008117791837967123,236,0.013590815770421465,3,0.5,0.01317698534306977,0.6746882000006735,11,113753,912108,9,initial_shared
13,152,0.025033233974633275,161,0.011531853136457278,2,1.0,0.9882505507943933,2.7706118999049067,152,27371,912109,9,initial_shared
4,104,1.1513031123858182e-05,118,1.2666026074678434e-05,1,0.5,-0.2171528442314783,4.239525599987246,104,945,912110,9,initial_shared
1,288,0.0016463124406366535,4,0.052729390822997234,2,0.5,0.9854278396630749,41.12879149999935,288,53,912111,9,initial_shared
4,11,0.009195019404300172,438,0.0011148162060717194,3,0.0,0.982924214015679,2.0256330999545753,11,388069,912112,9,initial_shared
23,1,0.0015351250883396128,24,0.23202296103533568,1,1.0,-0.4300212978170077,0.31753320002462715,1,193,912113,9,initial_shared
99,6,0.028656799127302582,56,0.009186115466581228,1,0.0,0.4034758321323617,0.3333309000590816,6,449,912114,9,initial_shared
129,38,0.000354126140537035,12,0.2436892809484262,1,0.5,-0.4528160215067909,0.39708440005779266,38,97,912115,9,initial_shared
2,13,0.0012353361118475601,392,0.21517455731112972,3,0.0,0.9801879360214184,3.479009300004691,13,311249,912116,9,initial_shared
2,7,3.483253282654071e-05,19,2.605365517038265e-05,1,0.5,-0.45361143568696294,0.769890800002031,7,153,912117,9,initial_shared
21,104,2.7084721937925e-05,4,0.032382413612484326,1,0.0,-0.41419447428874756,1.1043915000045672,104,33,912118,9,initial_shared
6,1,0.05321257281996187,123,0.001679753487496828,1,1.0,0.5140084063049036,0.3143833000212908,1,985,912119,9,initial_shared
124,10,0.00019878348596362384,331,1.8991569360233607e-05,2,1.0,-0.27860504366001626,3.2127410999964923,10,112541,912120,9,initial_shared
3,3,9.022194416522493e-05,62,0.03401328674932712,3,0.5,-0.3012905621777584,0.6350007998989895,3,8309,912121,9,initial_shared
1,3,0.01320207748714873,6,0.4731193197103381,3,1.0,0.3595190633837291,0.9335458000423387,3,133,912122,9,initial_shared
2,386,0.0007143411116463433,34,0.2945253766244589,2,0.0,0.9863944201789273,28.63815729995258,386,1463,912123,9,initial_shared
4,1,0.00026326245934952706,5,3.522550515161686e-05,1,0.0,-0.42574273379302263,0.36581059999298304,1,41,912124,9,initial_shared
4,3,0.004006667021715539,24,2.1161017677894484e-05,3,0.0,0.9073144916185439,0.6271272999001667,3,1393,912125,9,initial_shared
4,1,0.04244800310207978,9,0.0032522711924218004,3,0.0,0.8761610460664403,0.541131499921903,1,253,912126,9,initial_shared
4,37,0.0009396421891053728,431,0.00015571392015069636,3,1.0,0.9883221840037327,5.486353100044653,37,375833,922027,9,guided_extension
16,12,0.0006214615801276577,317,6.475444192150788e-05,2,1.0,0.5727491418182696,0.6706373000051826,12,103343,922028,9,guided_extension
12,41,0.04014286072081665,134,0.011966275994319493,1,1.0,0.9961343757980156,0.8831831000279635,41,1073,922029,9,guided_extension
45,62,0.00560833077050987,336,0.0018145270632648372,2,1.0,0.9920276535263124,1.122877600020729,62,115921,922030,9,guided_extension
37,17,0.009291509467999788,232,0.0032059404673603557,2,1.0,0.9718616925591738,0.5947717999806628,17,55913,922031,9,guided_extension
44,27,0.001260779217329667,158,0.23053476983396434,2,1.0,0.5373659246252798,0.6352848999667913,27,26387,922032,9,guided_extension
15,73,0.003780413839020297,143,0.0007373770082418386,2,1.0,0.9955060246725109,1.4684276999905705,73,21737,922033,9,guided_extension
1,21,0.012356676118629091,511,0.25427461757165815,1,1.0,0.9638885636010399,3.1937896000454202,21,4089,922034,9,guided_extension
30,57,0.003100642861545443,316,0.00019825716428079163,1,1.0,0.628029001807278,0.8011303000384942,57,2529,922035,9,guided_extension
10,29,0.0005318175232517515,203,0.02108305902131439,2,1.0,0.5683164457483143,1.0468684999505058,29,43037,922036,9,guided_extension
142,15,0.020369651978226364,286,0.0009697394017177389,2,1.0,0.612085298304992,0.5051645999774337,15,84371,922037,9,guided_extension
37,213,0.04472077038779272,361,0.0004007234640439774,2,1.0,0.9565329608652703,3.4082578000379726,213,133571,922038,9,guided_extension
3,187,0.0055869663934865945,481,0.0012962091715754667,2,1.0,0.9851681449124035,25.844098799978383,187,235691,922039,9,guided_extension
14,19,0.0013542501061286304,361,0.003969410986110306,2,1.0,0.5474525500587331,0.9231622000224888,19,133571,922040,9,guided_extension
2,18,0.006033669536244657,143,0.2165095496485663,3,1.0,0.964911250295087,2.256328299990855,18,42329,922041,9,guided_extension
2,232,0.005881098412859686,428,0.0002450261683984019,3,1.0,0.9166847191367432,58.78997830010485,232,370649,922042,9,guided_extension
55,33,0.0016104165277230475,141,0.001251155621380538,1,1.0,0.566227981300875,0.48194510000757873,33,1129,922043,9,guided_extension
13,38,0.024870001936706243,170,0.000513976167719039,3,1.0,0.8926118634962033,1.2462644999613985,38,59501,922044,9,guided_extension
135,138,0.032750364980930875,347,0.11109146316634612,2,1.0,0.9819262240843875,1.2809963000472635,138,123533,922045,9,guided_extension
3,21,0.040704702322539726,372,0.0013154562039780673,2,1.0,0.8265827170332309,2.446497500059195,21,141733,922046,9,guided_extension
58,14,1.246395351778612e-05,6,0.2574585941321988,3,1.0,-0.4396810890954661,0.5546221999684349,14,133,932027,9,broad_extension
2,4,0.0004296222328105174,470,3.848306724022998e-05,3,0.5,0.19424901585953314,1.5409672000678256,4,446501,932028,9,broad_extension
2,7,0.00022552830789974437,251,3.742967829106287e-05,1,0.5,0.07871634460324184,0.7811705999774858,7,2009,932029,9,broad_extension
4,46,2.2324917840661843e-05,231,3.696300917147162e-05,2,0.0,0.5410815768521502,2.667678999947384,46,55441,932030,9,broad_extension
101,6,2.501539150414118e-05,13,0.0002947113197569212,1,1.0,-0.44016246948239957,0.3343722000718117,6,105,932031,9,broad_extension
24,24,1.3088944813860133e-05,27,0.012585307805459628,1,0.0,-0.4806613573895224,0.5046192000154406,24,217,932032,9,broad_extension
3,1,0.00736389790083663,5,0.5170410360142286,2,0.0,-0.3229669087123497,0.4636999999638647,1,71,932033,9,broad_extension
1,173,0.0009072075944366147,212,1.7212528463701466e-05,2,0.0,0.9965439437512407,29.77847399993334,173,46853,932034,9,broad_extension
20,68,3.121893887754513e-05,568,0.5402846777377848,1,0.0,-0.31767748510137417,1.1382202000822872,68,4545,932035,9,broad_extension
27,296,0.0034927364853747788,9,6.825541393857152e-05,2,0.5,0.9510453698523665,2.541256000055,296,163,932036,9,broad_extension
118,11,0.00843814076184511,17,0.01785218762183531,1,0.0,-0.10675329488815732,0.34501960000488907,11,137,932037,9,broad_extension
3,257,0.002365159857382521,340,0.012177207548439114,1,0.5,0.9976878826600847,12.352329499903135,257,2721,932038,9,broad_extension
15,4,0.047579801642308,46,0.00023687844674796435,2,1.0,0.6431308931792095,0.4551460000220686,4,2531,932039,9,broad_extension
2,2,0.026075163904215347,95,0.003994026610270651,3,1.0,0.1706453172705411,0.649634400033392,2,19001,932040,9,broad_extension
29,39,0.004383422685259899,248,3.955711001022341e-05,3,0.0,0.9909938435188937,1.0597478999989107,39,125489,932041,9,broad_extension
7,2,2.2777784410461748e-05,524,0.1784953230861116,2,0.5,-0.2116869876360956,0.5481281999964267,2,279293,932042,9,broad_extension
185,11,0.006557721328252625,9,0.0008973331497074131,3,0.5,-0.306454316737941,0.49335480004083365,11,253,932043,9,broad_extension
5,9,0.0016093366132876596,329,0.013814112958350399,1,0.5,0.5510011034366662,0.6152317000087351,9,2633,932044,9,broad_extension
1,5,0.004502370762830845,156,0.000238678976013378,3,0.5,0.9660350485347902,1.401460700086318,5,50233,932045,9,broad_extension
6,9,0.03789848000401697,151,0.47931087591917676,3,0.0,-0.044147242850968604,0.777334599988535,9,47113,932046,9,broad_extension
17,1,0.00018585654335711568,9,3.1434989228117306e-05,3,0.5,-0.619927012119829,0.4912116000195965,1,253,1012027,10,initial_shared
15,50,1.4376662601892419e-05,33,7.098148985391865e-05,3,0.0,-0.5129505392668416,1.2689054000657052,50,2509,1012028,10,initial_shared
2,12,0.00689220205487968,242,0.5477508342004948,2,1.0,0.911120887718846,1.5138337999815121,12,60743,1012029,10,initial_shared
5,2,0.0004393902239397343,47,0.31018794327021876,1,1.0,-0.4785307139407733,0.39634690003003925,2,377,1012030,10,initial_shared
5,110,0.021739011893383918,293,0.0008080971303695823,2,0.0,0.9945006156450062,5.493538499926217,110,88487,1012031,10,initial_shared
51,18,0.00014489690088015397,64,2.2221787246311935e-05,2,0.0,-0.4752907013794565,0.4954118999885395,18,4673,1012032,10,initial_shared
3,56,0.0016524354597418059,49,0.5085227084309899,1,1.0,0.6796855252832682,2.9003587999613956,56,393,1012033,10,initial_shared
162,1,4.0257881507779644e-05,72,0.0010914286698016874,3,0.0,-0.5459445309604267,0.47191369999200106,1,11089,1012034,10,initial_shared
1,31,0.0004968868020318738,10,0.02868418674044146,2,0.0,0.889104308301172,4.7743731999071315,31,191,1012035,10,initial_shared
4,49,0.0010244306306256374,477,0.12265180535898071,1,0.0,0.9710722796111326,2.238046700018458,49,3817,1012036,10,initial_shared
3,192,6.38657481396924e-05,25,0.00029774820031774234,2,0.5,0.08484545431931645,9.855149999959394,192,851,1012037,10,initial_shared
3,307,0.003133372933527096,181,0.02089515699815015,3,0.5,0.9941215303367248,19.731071299989708,307,67333,1012038,10,initial_shared
10,9,4.1776415715407635e-05,92,0.003090921624982037,3,0.5,-0.5133837028578476,0.7008157999953255,9,17849,1012039,10,initial_shared
7,41,0.0004747016694523423,63,0.0012670436356976692,2,1.0,0.5102709296678567,1.426837099948898,41,4537,1012040,10,initial_shared
3,5,0.0036914793276469505,350,0.010184475802620871,3,1.0,0.7847099090777632,1.084497299976647,5,248501,1012041,10,initial_shared
2,2,4.3842907942775364e-05,17,0.5634034978223496,1,1.0,-0.5434374797864867,0.45707740006037056,2,137,1012042,10,initial_shared
196,3,1.1731536676403318e-05,36,5.726715212414626e-05,3,1.0,-0.5324559627771746,0.47384660004172474,3,2953,1012043,10,initial_shared
55,177,0.00018754701490623454,4,0.00019343552325647644,2,0.5,-0.6247362819061175,1.1020571000408381,177,53,1012044,10,initial_shared
2,29,0.009540213018584267,15,0.030790630032369908,3,0.0,0.9662987782532866,2.7146232000086457,29,601,1012045,10,initial_shared
3,340,0.001989093104540125,7,0.023812342729513554,1,0.0,0.9904557913024986,15.744635500013828,340,57,1012046,10,initial_shared
5,6,0.0010766712110108281,268,0.000891225813088225,3,0.0,0.9519213104602263,0.7901439999695867,6,146329,1012047,10,initial_shared
47,2,4.2957778155376746e-05,11,0.02677067830803304,1,1.0,-0.560864072997328,0.3195331000024453,2,89,1012048,10,initial_shared
3,16,4.934945143998339e-05,550,0.007624994431902306,1,1.0,-0.18908678685682134,1.0533388999756426,16,4401,1012049,10,initial_shared
94,5,0.017296590589012707,336,0.00042302644548133326,2,0.0,0.9107853957644358,0.42485029995441437,5,115921,1012050,10,initial_shared
70,21,4.113702049303447e-05,25,0.023786033924758445,2,0.5,-0.575397558877923,0.4877131999237463,21,851,1012051,10,initial_shared
152,201,0.09957904412037138,7,0.000588515506691548,3,0.5,0.9912234989281891,0.9166675000451505,201,169,1012052,10,initial_shared
99,57,0.000554241131824941,18,0.0019101796178528077,1,0.5,-0.37490898147409313,0.46484919998329133,57,145,1012053,10,initial_shared
5,263,3.952570526512958e-05,4,0.05071885558302112,2,0.0,-0.48518260917548095,8.649092800100334,263,53,1012054,10,initial_shared
1,2,0.005435948681237912,132,0.00026910778444679055,3,1.0,0.5233277194752061,0.8188525999430567,2,36169,1012055,10,initial_shared
9,40,0.005708886985113429,10,0.22803546940309477,2,0.5,0.7611656818595723,1.1261855999473482,40,191,1012056,10,initial_shared
9,1,0.0007730008299759653,4,0.007435054346068373,2,0.5,-0.5328358104970232,0.4171391000272706,1,53,1012057,10,initial_shared
205,12,0.04356028712587154,4,0.006577201157173013,3,0.0,0.7230648405043424,0.5100673999404535,12,73,1012058,10,initial_shared
63,178,0.002354476524558875,10,6.869833903878111e-05,2,0.5,0.12917993771035363,1.0156078999862075,178,191,1012059,10,initial_shared
8,74,0.03633092107191468,392,0.060252505772909526,1,0.5,0.9909400899327996,1.8692909999517724,74,3137,1012060,10,initial_shared
17,19,0.0006890181923686274,59,0.00010951975589925716,3,0.5,-0.054736200481300123,0.7395332000451162,19,7553,1012061,10,initial_shared
78,388,0.013125154804683513,15,0.08630256331375197,2,0.0,0.9772822215187391,1.719246199936606,388,361,1012062,10,initial_shared
3,39,0.010003444547581739,34,3.6700520267112247e-05,2,0.5,0.9907075058369186,2.2817960999673232,39,1463,1012063,10,initial_shared
1,14,0.0010741658687642651,134,0.49258159724873896,3,0.0,0.730685707707557,2.940520800068043,14,37253,1012064,10,initial_shared
9,1,0.0007843947781051288,113,0.5106971612599956,1,1.0,-0.47792563377028063,0.3333985999925062,1,905,1012065,10,initial_shared
178,77,0.03161375373687053,67,0.33497143887786496,1,0.5,0.9315558246242754,0.49685689993202686,77,537,1012066,10,initial_shared
49,234,0.00042624540304572555,70,1.8827963760006226e-05,2,0.0,0.9066592906650731,1.6397932999534532,234,5531,1012067,10,initial_shared
6,127,0.007919528125623701,9,0.004473374216036015,2,1.0,0.9940083966958073,3.524799200007692,127,163,1012068,10,initial_shared
65,30,0.004474881047039292,28,0.00032745748665101844,2,1.0,0.35837536994484886,0.5277487999992445,30,1037,1012069,10,initial_shared
2,16,0.003438815073652147,466,0.0692739459445807,1,0.5,0.7276821355106946,1.4170686999568716,16,3729,1012070,10,initial_shared
1,33,0.00012273282423681152,380,0.013860657898021905,1,0.0,0.7717781312647047,4.809719700017013,33,3041,1012071,10,initial_shared
1,15,0.00014542883049013038,214,0.13394644137544662,1,0.0,0.4949705859010761,2.331059299991466,15,1713,1012072,10,initial_shared
1,7,0.09137154440087465,4,0.00017778833673012573,3,0.5,0.8645903957977388,1.5223274999298155,7,73,1012073,10,initial_shared
2,147,0.02919376494785008,15,0.09793726548742676,2,0.5,0.983684208290132,11.188289499958046,147,361,1012074,10,initial_shared
191,60,0.0005366434976442215,59,7.155957714741948e-05,3,1.0,0.12655764845763695,0.6895584999583662,60,7553,1012075,10,initial_shared
125,81,0.0013277662007086183,42,0.005502077076113325,1,0.0,-0.0967926695591903,0.4920409999322146,81,337,1012076,10,initial_shared
4,2,1.6316465548362025e-05,17,0.003109244256415438,2,0.5,-0.43357488157499136,0.5038893999299034,2,443,1012077,10,initial_shared
16,2,0.0003227898404089849,322,0.0029152955368801333,3,0.5,-0.03893109545347895,0.5354127999162301,2,210589,1012078,10,initial_shared
2,2,4.2946603473553e-05,43,0.0001793819811977821,3,1.0,-0.4978506988029523,0.6254358999431133,2,4129,1012079,10,initial_shared
2,4,8.703781362948011e-05,17,0.004571144431202798,3,0.0,-0.5203762979048172,0.7904732000315562,4,749,1012080,10,initial_shared
40,11,0.00014891255504078608,319,0.39538749115192123,2,0.0,-0.26512058720614773,0.5244579000864178,11,104633,1012081,10,initial_shared
49,15,1.5968143806050594e-05,12,0.026577718876580284,2,0.5,-0.5558810772400291,0.472141099977307,15,253,1012082,10,initial_shared
4,31,0.006935502537133149,67,0.000825657579059997,1,0.0,0.9903787423326295,1.4596065999940038,31,537,1012083,10,initial_shared
96,2,0.0007787342070963469,5,0.02811446754730718,1,0.0,-0.5271123851138457,0.3172954999608919,2,41,1012084,10,initial_shared
3,250,0.0007582579740449714,12,0.04456998553451591,3,1.0,0.9866032152692178,13.159296600031666,250,409,1012085,10,initial_shared
7,173,0.06756946835873948,464,0.036545354071963555,1,0.0,0.975397197966886,4.504879600019194,173,3713,1012086,10,initial_shared
18,22,0.0016437615230293439,31,5.599697330911998e-05,2,1.0,0.35966124452287973,0.6367591000162065,22,1241,1012087,10,initial_shared
18,2,0.07217753105982963,42,0.030643383777620055,2,0.5,0.08007906428870437,0.4170047000516206,2,2143,1012088,10,initial_shared
236,1,0.00036640903876561403,288,0.060821075354475326,2,0.5,-0.4802247838253799,0.38861870008986443,1,85537,1012089,10,initial_shared
7,21,1.3066872544238901e-05,4,2.2180281537258182e-05,2,0.0,-0.6263701169416458,0.8828213999513537,21,53,1012090,10,initial_shared
194,17,0.03031798980536557,9,1.941430200002726e-05,3,1.0,0.12047670690452628,0.510148600093089,17,253,1012091,10,initial_shared
35,21,0.00012496610724291532,264,0.000763947685471848,1,0.0,-0.4599965836774953,0.4744690000079572,21,2113,1012092,10,initial_shared
1,165,0.0003016907432525662,3,0.038090059372639616,2,0.0,0.9284032294391218,24.15318619995378,165,37,1012093,10,initial_shared
2,234,0.00018438235570765964,32,2.5245176675219027e-05,1,0.5,0.753177047697579,15.979557399987243,234,257,1012094,10,initial_shared
3,48,0.000298208846965313,47,0.0020445820863913104,2,0.5,0.3966156599368823,2.7391476000193506,48,2633,1012095,10,initial_shared
5,2,3.335401964308103e-05,30,0.0111015962157274,2,0.0,-0.4971521422422851,0.47888539999257773,2,1171,1012096,10,initial_shared
2,274,0.03803761137943604,473,0.0001042976321065769,3,0.0,0.05120131054831112,73.97820090001915,274,452189,1012097,10,initial_shared
35,12,9.336153616673936e-05,102,0.0007765068859941792,1,0.5,-0.5217741571864252,0.40040610008873045,12,817,1012098,10,initial_shared
20,95,0.009626521911323422,36,0.23032444757768863,1,0.5,0.9747983702146629,1.1152468000072986,95,289,1012099,10,initial_shared
3,83,5.9246670326544436e-05,581,0.0001904450783090011,3,0.5,0.9000050899947745,16.727957700029947,83,680933,1012100,10,initial_shared
10,104,2.023501732106062e-05,23,0.32390178635666356,1,1.0,-0.49783275479564915,1.9086871000472456,104,185,1012101,10,initial_shared
247,8,0.0014587561765147259,11,0.00581956942351418,2,0.0,-0.6270293132220017,0.40431330003775656,8,221,1012102,10,initial_shared
101,173,0.001816158293490116,145,0.00885032317309239,3,0.0,0.9909658879715085,1.4382008000975475,173,43501,1012103,10,initial_shared
105,2,0.0029366026643434452,4,0.0006692602085104378,2,0.5,-0.5842488787354947,0.39090359990950674,2,53,1012104,10,initial_shared
61,173,2.4419546572573925e-05,9,1.035775199202423e-05,3,0.5,-0.5983888170019378,1.2262525000842288,173,253,1012105,10,initial_shared
3,290,0.019853836162999433,178,0.00040398637000670063,3,0.0,0.9949488420100433,18.492314100032672,290,65149,1012106,10,initial_shared
21,7,3.074454504047223e-05,20,0.13309527750927624,1,0.0,-0.5470488847195114,0.3741817999398336,7,161,1012107,10,initial_shared
1,7,0.004297806749847548,5,0.2194686367244856,1,1.0,0.3095880275069518,1.2202674000291154,7,41,1012108,10,initial_shared
3,1,0.024158150468858042,6,3.0279308031885622e-05,1,0.0,-0.2739460476929736,0.3369793000165373,1,49,1012109,10,initial_shared
244,23,0.0017457421151973304,132,0.5244201054967612,1,1.0,-0.39597182936283404,0.3679326999699697,23,1057,1012110,10,initial_shared
2,75,0.0007897205670767345,344,0.0001023932269153668,2,0.0,0.9885347697909669,10.296754000009969,75,121433,1012111,10,initial_shared
1,1,6.400860291285332e-05,6,3.500409251589541e-05,3,1.0,-0.5519768923256814,0.615419500041753,1,133,1012112,10,initial_shared
2,21,0.0015707548130310688,15,9.582892814388517e-05,2,0.0,0.9374365213032488,1.9348832999821752,21,361,1012113,10,initial_shared
185,45,0.00015350340332359564,332,0.0009981366891278945,1,1.0,-0.46141575368408816,0.48979509994387627,45,2657,1012114,10,initial_shared
12,314,0.029024308155342238,6,0.24204408892142215,2,0.5,0.9665450013198114,4.68986419995781,314,91,1012115,10,initial_shared
23,109,7.583143215396467e-05,313,0.020025135272205122,3,0.0,0.9394513663271544,2.841899999999441,109,199069,1012116,10,initial_shared
12,160,0.011623962797893858,11,0.040358473929343226,2,0.0,0.9865445213411391,2.617651900043711,160,221,1012117,10,initial_shared
101,5,0.032613586489219096,8,0.0008437963235711895,3,0.5,-0.24994193228121797,0.48211079998873174,5,209,1012118,10,initial_shared
32,4,3.977160178544233e-05,225,1.8751732495182362e-05,3,0.0,-0.5298180048213232,0.5213560999836773,4,103501,1012119,10,initial_shared
4,34,0.0021954973837786866,381,0.6278566407110112,2,1.0,0.9688377494136594,3.1784511000150815,34,148591,1012120,10,initial_shared
253,30,3.9005905165352906e-05,19,8.742747508385853e-05,3,1.0,-0.5633991064151267,0.5240018999902532,30,913,1012121,10,initial_shared
2,53,8.160226960410988e-05,34,0.000194775622775897,1,1.0,-0.010412916539273454,3.9233437000075355,53,273,1012122,10,initial_shared
228,254,0.0034052636702534152,122,0.0062660948340128265,2,0.0,0.9932317853186771,1.1525322999805212,254,15983,1012123,10,initial_shared
35,8,0.0023826189057498904,150,0.019826633786974836,1,0.0,-0.15717181875967356,0.37442319991532713,8,1201,1012124,10,initial_shared
1,2,0.0002827357586345929,307,0.528276054382532,2,0.5,-0.03612940922905916,0.8076899000443518,2,97013,1012125,10,initial_shared
18,2,0.005804143269220246,24,0.4401458921704434,3,1.0,-0.09859816675611421,0.49476919998414814,2,1393,1012126,10,initial_shared
2,59,0.03910664638921274,208,0.013573573159761194,3,0.0,-0.026864548222414353,6.154406999936327,59,88609,1022027,10,guided_extension
45,27,0.004275181218779574,257,2.6316064179539375e-05,2,0.0,0.985016925842145,0.6439616999123245,27,68363,1022028,10,guided_extension
62,197,0.0033883780763207584,173,0.01714827567010173,2,0.0,0.9913635002530544,1.496575800003484,197,31487,1022029,10,guided_extension
23,98,0.0011961242054669586,276,0.004259297057006858,2,0.0,0.992781680412854,1.6797869999427348,98,78661,1022030,10,guided_extension
152,169,0.0016281042494924961,194,0.0031020240132594713,3,0.0,0.9892436004792913,1.2595402000006288,169,77213,1022031,10,guided_extension
9,144,0.0013479051043820318,192,0.0002987984531458493,2,0.0,0.9952683289069117,3.5915319001069292,144,38593,1022032,10,guided_extension
1,16,0.007261514881946658,203,0.00015842487631137023,2,0.0,0.9023083000513108,3.051238999934867,16,43037,1022033,10,guided_extension
23,160,0.030529668874761388,220,0.007243467786210113,3,0.0,0.9860053241777168,2.7841638999525458,160,99001,1022034,10,guided_extension
33,14,0.0019741754408154175,183,0.00011262071323283595,2,0.0,0.8947931276771803,0.55048810003791,14,35137,1022035,10,guided_extension
76,229,0.0015146552320129659,222,0.00019134202128032944,3,0.0,0.991658228234203,2.0468701999634504,229,100789,1022036,10,guided_extension
2,12,0.001284615906929019,253,3.0654230023653176e-05,2,0.0,0.9215056018909678,1.5005924999713898,12,66287,1022037,10,guided_extension
5,136,0.0022016338509103263,167,0.00028969894887085804,2,0.0,0.99467421673682,5.402004500036128,136,29393,1022038,10,guided_extension
94,42,0.009008929140057144,166,0.0014236894251314154,3,0.0,0.9905184761666748,0.7586130000418052,42,56773,1022039,10,guided_extension
15,15,0.008837437837850716,300,0.006855628715213558,2,0.0,0.9869977827975431,0.7130985999247059,15,92701,1022040,10,guided_extension
34,28,0.02814788920084606,369,0.0015442834215836903,2,0.0,0.9899689189796279,0.8326424000551924,28,139483,1022041,10,guided_extension
70,310,0.002916882123143584,325,2.7584672342732438e-05,2,0.0,0.9960712057257703,2.8860941999591887,310,108551,1022042,10,guided_extension
5,27,0.03572578596023632,249,1.8593190825954423e-05,2,0.0,0.9584602743294064,1.5359360000584275,27,64243,1022043,10,guided_extension
52,118,0.00922457723491538,170,0.007195632724001661,3,0.0,0.9872393536839382,1.4346225999761373,118,59501,1022044,10,guided_extension
45,137,0.006941524377333791,211,0.00044574934671705096,2,0.0,0.9864493452365968,1.4374638999579474,137,46421,1022045,10,guided_extension
7,99,0.0010651267166554802,183,0.008333454130099543,3,0.0,0.9882205391747011,3.635218699928373,99,68809,1022046,10,guided_extension
19,14,0.0007676232648761762,56,0.30648812543470166,2,0.5,-0.08776473464831924,0.553649100009352,14,3641,1032027,10,broad_extension
12,255,0.014430957032412105,7,0.00013310611019841197,2,0.0,0.9962818880318843,3.9201471999986097,255,113,1032028,10,broad_extension
32,2,0.0012920790547272163,144,2.8725214204563355e-05,2,1.0,-0.16289600975179286,0.42378039995674044,2,22033,1032029,10,broad_extension
3,25,0.0007001845489993814,104,0.0005295815178126969,3,0.5,0.8515486536207937,1.9424643999664113,25,22673,1032030,10,broad_extension
15,3,1.3201123474016174e-05,20,2.4249308303213106e-05,3,1.0,-0.5189993948503624,0.5421398999169469,3,1001,1032031,10,broad_extension
81,15,3.785031652491644e-05,4,0.05479840391037906,2,0.0,-0.5707684954556687,0.4569242000579834,15,53,1032032,10,broad_extension
144,2,7.719104694001088e-05,242,1.4483653605592368e-05,3,0.0,-0.5330814510025808,0.488314300077036,2,119549,1032033,10,broad_extension
15,44,1.6445909175078867e-05,20,7.338660212274009e-05,2,1.0,-0.48584294879321055,0.9407209999626502,44,581,1032034,10,broad_extension
15,20,2.388152575900295e-05,10,0.0007018987016057476,2,1.0,-0.5259462482251638,0.6458872999064624,20,191,1032035,10,broad_extension
2,23,0.011362137056020884,5,0.0021479516768870724,3,0.0,0.9881111783047051,2.2245875999797136,23,101,1032036,10,broad_extension
83,3,0.00010609986413662283,35,0.0007862517102881556,1,0.0,-0.6065869228858818,0.3212082999525592,3,281,1032037,10,broad_extension
140,26,1.0354692512754514e-05,155,0.0866020829519744,1,0.5,-0.5331461714819656,0.37950750009622425,26,1241,1032038,10,broad_extension
23,4,0.00040814503774540365,7,9.479524187476914e-05,3,0.5,-0.6533156752142297,0.517172500025481,4,169,1032039,10,broad_extension
18,3,0.00039844519419728253,4,0.0006957223116591638,1,1.0,-0.5845481106255179,0.34418370004277676,3,33,1032040,10,broad_extension
21,57,9.628089566491235e-05,112,0.004172905250184869,2,1.0,0.30844236239560296,0.9752499000169337,57,13553,1032041,10,broad_extension
144,38,0.00868420932518206,16,0.3241960346336041,3,0.0,0.8070731404300182,0.5818779999390244,38,673,1032042,10,broad_extension
2,73,2.6850721980416267e-05,23,0.012852443191433078,2,0.5,-0.24005199067235128,5.7271656999364495,73,737,1032043,10,broad_extension
44,2,0.00036380368469293657,4,3.890871846924636e-05,1,1.0,-0.5350766932930253,0.3205152000300586,2,33,1032044,10,broad_extension
247,17,0.0052140925779163155,231,0.0047564502392055995,3,1.0,0.40747649212869474,0.5449150999775156,17,109033,1032045,10,broad_extension
53,4,0.0011710013013784808,24,0.027256670846749792,3,1.0,-0.46262541463028395,0.5008509999606758,4,1393,1032046,10,broad_extension
